top_img,brand,productname,rating,body,like_count,upload_at,views,comment,comment_picture,파워리뷰,com_count,com_date,comment_rating,urlss,ruser,rusername,ruserskin_type,ruserskin_tone,rucount,usercard,introduction
https://d33ur1yh5ph6b5.cloudfront.net/a8bab618-e17e-4c36-93cb-84e6be922dad-thumbnail,롬앤(rom&nd),쥬시래스팅 틴트 [06 피그피그],5.0,"<div class=""content"">
<div class=""resources"">
<div class=""resource"">
<div class=""text"">🔮 롬앤하면 역시 색조 장인들 답게 틴트 마저도 평범한 색상들 말고 사람들마다의 톤에 어울리는 틴트를 만드는거 같아용 다른 제품들에서는 찾아보기 힘든 그런 색상들을 만드니 사는 재미도 있어서 더 좋아하고 애정하는 브랜드 입니다</div>
</div>
<div class=""resource"">
<figure class=""image"">
<img alt="""" src=""https://d33ur1yh5ph6b5.cloudfront.net/fb532064-6e4f-455e-931f-712c50c5270c-mid""/>
</figure>
<div class=""description""></div>
</div>
<div class=""resource"">
<div class=""text"">제가 평소에 엄청 잘바르고 좋아하는 이 피그피그 색상은 쿨톤하면 떠오르는 롬앤의 틴트이기도 하고 흔치 않아서 더 자주 찾는데 말린장미 색상 같으 ,면서도 또 너무 딥하지않아서 가볍게 메이크업 할때 자주 찾게 되더라고요 또 광택이 나는 틴트고 매트한 제형이 아니다 보니깐 묻어남은 살짝 있는데 이정도는 감수해야종😅 하지만 10분 정도 지나면 확실히 묻어남도 덜하고 광택이 자르르 돌아서 너무 이쁩니당😍</div>
</div>
<div class=""resource"">
<figure class=""image"">
<img alt="""" src=""https://d33ur1yh5ph6b5.cloudfront.net/8a7d0936-7d67-4edd-81e3-104b97b782de-mid""/>
</figure>
<div class=""description""></div>
</div>
<div class=""resource"">
<div class=""text"">🔥쓰면서 불편함을 느끼지는 못했지만 굳이 뽑자면 틴트 용기가 살짝 제 취향이 아니라는 점..??😅 하지만 색상이 너무 이뻐서 씁니당ㅎㅎ</div>
</div>
<div class=""resource"">
<figure class=""image"">
<img alt="""" src=""https://d33ur1yh5ph6b5.cloudfront.net/67fa6e73-5150-41f8-83b5-fc778e4510af-mid""/>
</figure>
<div class=""description""></div>
</div>
<div class=""resource"">
<div class=""text"">🍯바르자마자 윗입술과 아랫입술을 부딫히면서 빠빠빠하지 말고 10분 정도 마를기를 기다리시면 더욱 광택이 자르르 돌아서 너무 이쁩니당👍🏻👍🏻👍🏻</div>
</div>
<div class=""resource"">
<figure class=""image"">
<img alt="""" src=""https://d33ur1yh5ph6b5.cloudfront.net/9148c9d4-5647-4267-86ad-0f1aabf1466a-mid""/>
</figure>
<div class=""description""></div>
</div>
<div class=""resource"">
<figure class=""image"">
<img alt="""" src=""https://d33ur1yh5ph6b5.cloudfront.net/dd89e89a-b668-41b1-b0a5-e82a44bb8ef0-mid""/>
</figure>
<div class=""description""></div>
</div>
<div class=""resource"">
<div class=""text""><span class=""unpa-tag hash"">#쿨톤</span> <span class=""unpa-tag hash"">#여름쿨톤</span> <span class=""unpa-tag hash"">#쿨톤추천</span> <span class=""unpa-tag hash"">#19호쿨톤</span> <span class=""unpa-tag hash"">#학생추천</span> <span class=""unpa-tag hash"">#무쌍</span> <span class=""unpa-tag hash"">#무쌍추천</span> <span class=""unpa-tag hash"">#학생화장</span> <span class=""unpa-tag hash"">#데일리</span> <span class=""unpa-tag hash"">#레드</span> <span class=""unpa-tag hash"">#레드립</span> <span class=""unpa-tag hash"">#웜톤</span> <span class=""unpa-tag hash"">#웜톤립</span> <span class=""unpa-tag hash"">#쿨톤립</span> <span class=""unpa-tag hash"">#틴트</span> <span class=""unpa-tag hash"">#틴트추천</span> <span class=""unpa-tag hash"">#발색</span> <span class=""unpa-tag hash"">#지속력</span> <span class=""unpa-tag hash"">#가성비</span> <span class=""unpa-tag hash"">#학생립</span> <span class=""unpa-tag hash"">#코랄</span> <span class=""unpa-tag hash"">#롬앤</span> <span class=""unpa-tag hash"">#피그피그</span> <span class=""unpa-tag hash"">#롬앤틴트</span> <span class=""unpa-tag hash"">#롬앤쥬시래스팅틴트</span> <span class=""unpa-tag hash"">#쥬시래스팅틴트</span></div>
</div>
</div>
</div>",2,6분 전,조회 0,[],[],"[['구달', '청귤 비타C 잡티 톤업 크림'], ['페리페라', '잉크 더 에어리 벨벳 AD [006 조기품절]'], ['미샤', '래디언스 퍼펙트핏 파운데이션 [21호 바닐라]'], ['더랩바이블랑두', '올리고 히알루론산 5000토너'], ['웨이크메이크(WAKEMAKE)', '루즈건 제로 [05 비터스윗]']]","['4', '0', '15', '11', '0', '29', '8', '1', '22', '10', '1', '52', '9', '0', '38']","['2020.04.18', '2020.04.03', '2020.03.26', '2020.03.24', '2020.02.28']","['4.0', '4.0', '4.0', '5.0', '4.0']","['https://d33ur1yh5ph6b5.cloudfront.net/38a1514d-b589-4bec-ae8d-4102ae4abfe7-thumbnail', 'https://d33ur1yh5ph6b5.cloudfront.net/542ab49b-32a1-4b6e-8f31-63eb6d907ff7-thumbnail', 'https://d33ur1yh5ph6b5.cloudfront.net/751397b7-e4fa-404f-9796-2824134312e4-thumbnail', 'https://d33ur1yh5ph6b5.cloudfront.net/db51b909-9489-4d11-962e-4309fdae9455-thumbnail', 'https://d33ur1yh5ph6b5.cloudfront.net/39edbcc6-a579-413a-8d1c-03e2de108659-thumbnail']",https://d33ur1yh5ph6b5.cloudfront.net/51a10353-d688-44ce-ab90-5cef40943c03-thumbnail,랩쑤,민감성,21호,"[' 1', ' 13', ' 85']",https://d33ur1yh5ph6b5.cloudfront.net/15c1d0b6-6eb9-470f-8ef6-55afba877c16,👸🏻
https://d33ur1yh5ph6b5.cloudfront.net/05dabbac-e6ad-45d2-8a77-24f62183dd4b-thumbnail,필리밀리,V컷 파운데이션 브러시 822,5.0,"<div class=""content"">
<div class=""resources"">
<div class=""resource"">
<div class=""text"">안녕하세요 젤룽입니다!
이벤트 ‘나의 뷰티템을 소개합니다’이벤트 참여입니다 😀</div>
</div>
<div class=""resource"">
<figure class=""image"">
<img src=""https://d33ur1yh5ph6b5.cloudfront.net/37eb3229-bb58-4b0b-af3e-c0347bfd0541-mid""/>
</figure>
</div>
<div class=""resource"">
<div class=""text"">🖤 필리밀리 V컷 파운데이션 브러쉬 822 🖤
정말 유명한 파운데이션 브러쉬 중 하나죵
V컷으로 커팅된 파운데이션 브러쉬로 초보자도 쉽게 사용할 수 있는 파운데이션 브러쉬입니다
13000원으로 합리적인 가격이라고 생각합니당
이 브러쉬로는 쭈욱 쭈욱 밀어가며 바르는 것보단 짧게 통통 튕겨내듯이 터치해주는 것이 더 좋아요!</div>
</div>
<div class=""resource"">
<figure class=""image"">
<img src=""https://d33ur1yh5ph6b5.cloudfront.net/e2b5a37e-0b34-4f89-9a03-1fce7cc90fa1-mid""/>
</figure>
</div>
<div class=""resource"">
<div class=""text"">옆에서 보았을때 모습!</div>
</div>
<div class=""resource"">
<figure class=""image"">
<img alt="""" src=""https://d33ur1yh5ph6b5.cloudfront.net/a7a4fc24-4a8a-43ca-bc76-f306ea091195-mid""/>
</figure>
<div class=""description""></div>
</div>
<div class=""resource"">
<div class=""text"">아무것도 바르지 않은 모습입니당
잡티가 정말 많죠 ㅎㅎㅎ 😂</div>
</div>
<div class=""resource"">
<figure class=""image"">
<img src=""https://d33ur1yh5ph6b5.cloudfront.net/77c403b9-6af7-45bd-9af5-c844a60df931-mid""/>
</figure>
</div>
<div class=""resource"">
<div class=""text"">먼저 볼부터 발라볼게욥
파운데이션을 콕콕 찍어 올려줍니다
굳이 이 파운데이션 브러쉬에 파운데이션을 먹여주지 않으셔도 됩니다
먹여서 바르려고 하시면 이 브러쉬가 파데를 많이많이 먹기때문에 엄청 많은 양을 바르게 되실거예요...
그리고 나중에 세척하시기 어려우실 거예욥
그리고 뭉치실 수도 있어용
이 필리밀리 V컷 브러쉬같은 모공브러쉬는 안에서 바깥으로 파운데이션을 밀어주는 방식으로 파운데이션을 바르기 때문에 안쪽에 더 많은 파운데이션을 먼저 찍어 주셔야 합니당
이 때 사용한 파운데이션은 홀리카 홀리카 물방울 틴티드 파운데이션 02 웜 아이보리 입니다 🙃</div>
</div>
<div class=""resource"">
<figure class=""image"">
<img src=""https://d33ur1yh5ph6b5.cloudfront.net/65ecaf84-b402-4b0d-93f7-8ffe5fda5f2e-mid""/>
</figure>
</div>
<div class=""resource"">
<div class=""text"">다 발라준 모습입니다
1차적으로 톤 정리가 된 모습! 하지만 잡티는 아직 가려지지 않은 상태입니당</div>
</div>
<div class=""resource"">
<figure class=""image"">
<img src=""https://d33ur1yh5ph6b5.cloudfront.net/af45ea76-d22d-4c21-8568-aa183bce6bcf-mid""/>
</figure>
</div>
<div class=""resource"">
<div class=""text"">한 번 더 레이어링 해줄게용
이번에도 콕콕 찍어 파운데이션을 올려줍니다</div>
</div>
<div class=""resource"">
<figure class=""image"">
<img src=""https://d33ur1yh5ph6b5.cloudfront.net/0d601cc8-fea5-4bb7-9edf-25d40a313360-mid""/>
</figure>
</div>
<div class=""resource"">
<div class=""text"">이건 2차로 커버한 모습!!</div>
</div>
<div class=""resource"">
<figure class=""image"">
<img src=""https://d33ur1yh5ph6b5.cloudfront.net/15038d28-ebcd-48c7-b079-5210affb2f13-mid""/>
</figure>
</div>
<div class=""resource"">
<div class=""text"">이제 코부분도 발라봅시다 😆</div>
</div>
<div class=""resource"">
<figure class=""image"">
<img src=""https://d33ur1yh5ph6b5.cloudfront.net/c9684d3c-23c3-4547-ab97-63caae33b312-mid""/>
</figure>
</div>
<div class=""resource"">
<div class=""text"">이렇게 코 부분도 다 발라줬어요!
모공브러쉬이기 때문에 모공이 너무 잘 커버되는 모습!!
필리밀리 브러쉬는 정말 기술이 필요없는 브러쉬입니당 ㅠㅠ</div>
</div>
<div class=""resource"">
<figure class=""image"">
<img src=""https://d33ur1yh5ph6b5.cloudfront.net/054c3d83-1bf6-462f-838f-7a5a4e56016c-mid""/>
</figure>
</div>
<div class=""resource"">
<div class=""text"">이건 컨실러로 한 번 커버해준 모습!!
파데가 미처 가리지 못한 잡티들을 컨실러로 가려줍시다 😀
이 때 사용한 컨실러는 클리오 킬 커버 리퀴드 컨실러 리넨 컬러입니당
이제 피부화장 끝!!
전이랑 다르게 잡티도 커버되고 모공도 잘 커버되었네요 😍

— 여기서부턴 다른 제품 소개예욥 —</div>
</div>
<div class=""resource"">
<figure class=""image"">
<img src=""https://d33ur1yh5ph6b5.cloudfront.net/4615a792-47ae-472a-a264-67f548927e3b-mid""/>
</figure>
</div>
<div class=""resource"">
<div class=""text"">이제 화장을 했으니 지워야겠죵??
이건 제가 다이소에서 산 클렌징할 때 쓰는 모공브러쉬예요!
꼭 다이소 것이 아니더라도 모공브러쉬는 다 OK 😉</div>
</div>
<div class=""resource"">
<figure class=""image"">
<img src=""https://d33ur1yh5ph6b5.cloudfront.net/a0adc593-ba80-48a8-ba04-137474d04090-mid""/>
</figure>
</div>
<div class=""resource"">
<div class=""text"">립 제품으로 테스트를 하도록 할게요!
파운데이션으로 원래 테스트를 하려고 했지만 파운데이션은 피부색이랑 같아서 잘 안 보이기때문에 잘 보이는 립 제품으로 했어용
참고로 이 때 테스트하기 위해 썼던 립은 어퓨 트루 매트 플루이드 BR01 썸아몬드입니다
착색이 없고 빠르게 픽싱되는 타입의 립 제품으로 했어요!</div>
</div>
<div class=""resource"">
<figure class=""image"">
<img src=""https://d33ur1yh5ph6b5.cloudfront.net/66f71ee8-db7b-4382-acec-5d6f9b977757-mid""/>
</figure>
</div>
<div class=""resource"">
<div class=""text"">먼저 손으로 지웠을 때 모습
폼클렌져로만지웠습니당
제가 손톱으로 긁어서 억지로 지운 게 요런 모습이예용
그냥 우리가 얼굴에 클렌징 하는 것처럼 손가락으로만 하면 잘 안지워져서 손톱으로 긁어가면서 했어욤...
조금 이물질이 남아있는 모습입니당</div>
</div>
<div class=""resource"">
<figure class=""image"">
<img src=""https://d33ur1yh5ph6b5.cloudfront.net/8ce6e13e-a858-402d-98c6-a6e60ae562aa-mid""/>
</figure>
</div>
<div class=""resource"">
<div class=""text"">똑같이 발라줄게욥</div>
</div>
<div class=""resource"">
<figure class=""image"">
<img src=""https://d33ur1yh5ph6b5.cloudfront.net/a47e47f4-16e7-4fe2-a429-2850e01524bb-mid""/>
</figure>
</div>
<div class=""resource"">
<div class=""text"">정말 깔끔하게 클렌징이 된 모습이예요!!
이것도 똑같이 폼클렌져로 지웠습니다
피부에 남아있는게 안 보이네요 🥰

🙃 정리 🙃

🖤 필리밀리 V컷 파운데이션 브러쉬 882 🖤

장점

- ❤️ 접근성 : 올리브영에 입점되어있어요!! 길 가면서 한 번 쯤은 올리브영 본 적 있으시죠? 정말 접근성이 좋아요

- ❤️ 쉬운 사용법 : 다른 파운데이션 브러쉬는 기술이 있어야 잘 발리는 브러쉬들이 많아요 ㅠㅠ 하지만 이 파운데이션 브러쉬는 초보자도 쉽게 바를 수 있는 파운데이션 브러쉬입니당

- ❤️ 붓자국 X : 이 브러쉬는 진짜 브러쉬결이 안 남아서 따로 퍼프로 한 번 더 눌러주지 않으셔도 되요!! 브러쉬 자국이 진짜 놀랄정도로 안 나더라구용

- ❤️ 모공 커버 : 모공 넓으신 분들이 사용하시면 정말 만족하실 것같은 브러쉬예요

- ❤️ 가격 : 솔직히 학생분들에겐 쪼오끔?? 부담될 수도 있으신데 다른 파운데이션 브러쉬보단 저렴한 편에 속하는 것 같아용 올리브영 세일할 때 사세요!! 지금도 들어가보니 11700원으로 세일하고 있군용

- ❤️ 부드러움 : 전혀 까실까실하지 않아용 피부에 자극이 1도 가지 않습니당 

- ❤️ 모양 : 이름 그대로 V자로 커팅되어있어서 굴곡진 부분도 깔끔하게 바르실 수 있어용 모도 빽빽합니당

단점

- 💙 각질 : 이 브러쉬의 문제점은 아니고 모든 모공브러쉬는 각질이 있으면 무조건 각질이 뜹니다! 그래서 꼭 각질제거를 해주시고 이 브러쉬를 사용해주세용 

아무리 생각해도 단점이 떠오르지가 않네욤 ㅋㅋㅋㅋ

🖤 클렌징 모공브러쉬 🖤
(이건 그냥 같이 끼워서하는 거라서 간단히 적을게욤)

장점

- ❤️ 세정 : 모공에 낀 화장품까지 싸악 다 지워져요 ㅠㅠ

- ❤️ 가격 : 전 다이소에서 2000원으로 샀어요 완전 저렴해용!!!

- ❤️ 접근성 : 이렇게 생긴 클렌징 브러쉬 되게 많아서 쉽게 접할 수 있다는 점이 되게 좋은 것 같네요

- ❤️ 부드러움 : 부드러워서 자극 없어용

단점

- 💙 훌렁거림(?) : 브러쉬 모 부분이 쪼끔 더 짧았으면 좋았을 것 같다는 느낌입니당!! 동글동글 굴려서 클렌징할때 살짜쿵 방해가 된달까...

이것도 단점이 더이상 없어요 ㅠㅠㅠㅋㅋㅋㅋㅋㅋ

필리밀리브러쉬 정말 유명한 만큼 좋은 것 같습니다!!
이렇게 리뷰 마무리하겠습니당!! 
끝까지 봐주셔서 정말 감사해용 ❤️😘
 
<span class=""unpa-tag hash"">#뷰템소</span> <span class=""unpa-tag hash"">#나의뷰티템을소개합니다</span> <span class=""unpa-tag hash"">#뷰티템</span> <span class=""unpa-tag hash"">#뷰티템소개</span> <span class=""unpa-tag hash"">#미용소품</span> <span class=""unpa-tag hash"">#필리밀리</span> <span class=""unpa-tag hash"">#V컷파운데이션브러쉬</span> <span class=""unpa-tag hash"">#파운데이션브러쉬</span> <span class=""unpa-tag hash"">#모공브러쉬</span> <span class=""unpa-tag hash"">#클렌징</span> <span class=""unpa-tag hash"">#메이크업툴</span></div>
</div>
</div>
</div>",1,7분 전,조회 0,[],[],"[['삐아', '라스트 벨벳 립 틴트 [02생기갑]']]","['3', '10', '50']",['3시간 전'],['3.0'],['https://d33ur1yh5ph6b5.cloudfront.net/44ea6fbb-bd75-445d-947e-15ba0a36927a-thumbnail'],https://d33ur1yh5ph6b5.cloudfront.net/A01C6A15-A3CF-4E78-A9EF-6768F36ACAC5-thumbnail,젤룽,지성,21호,"[' 0', ' 2', ' 12']",https://d33ur1yh5ph6b5.cloudfront.net/f1a890f1-14ad-42da-8a0a-3f6db15d262d,안녕하세용 반가워요 ❤️❤️
default,리틀클라우드,뭉게뭉게구름 실리콘 타월,5.0,"<div class=""content"">
<div class=""resources"">
<div class=""resource"">
<figure class=""image"">
<img alt=""[리틀클라우드 뭉게뭉게 구름 실리콘 타월]

정말 뭉게뭉게 구름을 연상시키는 실리콘 타월!
저는 실리콘 타월이라는 도구를 이  제품을 통해 처음알게되었는데 넘 만족하면서 사용중이에요!






"" src=""https://d33ur1yh5ph6b5.cloudfront.net/5a2fcca5-cdb0-41ef-9dd7-a1b7fb4918ae-mid""/>
</figure>
<div class=""description"">[리틀클라우드 뭉게뭉게 구름 실리콘 타월]

정말 뭉게뭉게 구름을 연상시키는 실리콘 타월!
저는 실리콘 타월이라는 도구를 이  제품을 통해 처음알게되었는데 넘 만족하면서 사용중이에요!</div>
</div>
<div class=""resource"">
<figure class=""image"">
<img alt="""" src=""https://d33ur1yh5ph6b5.cloudfront.net/c86f1c73-db71-4ca1-83bd-43457396893b-mid""/>
</figure>
<div class=""description""></div>
</div>
<div class=""resource"">
<figure class=""image"">
<img alt=""소재가 의료용에 사용되는 플래티넘 실리콘이라 마음에 들었어요ㅎㅎ 뭔가 안심되는 느낌이랄까요...?!
(처음 받았을 때는 약간의 냄새가 나서 밖에 두었다 사용했어요)

페이스용 바디용 다 사용할수있는데 저는 바디로 쓰기에는 쪼꼬미해서 페이스용으로 사용중이에요!
"" src=""https://d33ur1yh5ph6b5.cloudfront.net/ceeb069b-a762-4e1b-99df-927b29d281a3-mid""/>
</figure>
<div class=""description"">소재가 의료용에 사용되는 플래티넘 실리콘이라 마음에 들었어요ㅎㅎ 뭔가 안심되는 느낌이랄까요...?!
(처음 받았을 때는 약간의 냄새가 나서 밖에 두었다 사용했어요)

페이스용 바디용 다 사용할수있는데 저는 바디로 쓰기에는 쪼꼬미해서 페이스용으로 사용중이에요!</div>
</div>
<div class=""resource"">
<figure class=""image"">
<img alt="" 장갑형 구조라 손에 끼워서 사용할수 있어서 편리해요!

윗부분에 고리가 있어 다른 고리에 걸기 좋아 탈수도 잘되서 산뜻하게 사용할수있답니다🙌"" src=""https://d33ur1yh5ph6b5.cloudfront.net/9befe105-d87b-41e5-928d-0b0f22630ed9-mid""/>
</figure>
<div class=""description"">장갑형 구조라 손에 끼워서 사용할수 있어서 편리해요!

윗부분에 고리가 있어 다른 고리에 걸기 좋아 탈수도 잘되서 산뜻하게 사용할수있답니다🙌</div>
</div>
<div class=""resource"">
<figure class=""image"">
<img alt=""아무래도 실리콘이다보니 얼굴이 자극적이지않을까 걱정이 됐었어요!
다른분들 잘 쓰시는 해면 클렌징 퍼프 쓰고 얼굴이 달아오르고 뒤집어진적이 있어서 더 조심스러웠는데, 요건 자극적이지않고 민감한 제피부에도 괜찮았어요

촘촘한 솔들 덕에 손으로 클렌징 할때보다 더 개운하고 말끔히 지워졌구 거품구멍덕에 거품도 풍성히 났어요☁️☁️ 깔끔히 클렌징해서 그런지 손으로 클렌징할때보다 각질제거와 피지제거에 효과가 있는듯했어요👏👏클렌징 후 피부가 부들부들 했습니다ㅎㅎ"" src=""https://d33ur1yh5ph6b5.cloudfront.net/ae415c8a-2629-489c-b296-335440e2cb38-mid""/>
</figure>
<div class=""description"">아무래도 실리콘이다보니 얼굴이 자극적이지않을까 걱정이 됐었어요!
다른분들 잘 쓰시는 해면 클렌징 퍼프 쓰고 얼굴이 달아오르고 뒤집어진적이 있어서 더 조심스러웠는데, 요건 자극적이지않고 민감한 제피부에도 괜찮았어요

촘촘한 솔들 덕에 손으로 클렌징 할때보다 더 개운하고 말끔히 지워졌구 거품구멍덕에 거품도 풍성히 났어요☁️☁️ 깔끔히 클렌징해서 그런지 손으로 클렌징할때보다 각질제거와 피지제거에 효과가 있는듯했어요👏👏클렌징 후 피부가 부들부들 했습니다ㅎㅎ</div>
</div>
<div class=""resource"">
<figure class=""image"">
<img alt="""" src=""https://d33ur1yh5ph6b5.cloudfront.net/0f727bf6-4720-4c00-b10f-e085c855b495-mid""/>
</figure>
<div class=""description""></div>
</div>
<div class=""resource"">
<figure class=""image"">
<img alt=""
거품이 잘 안나는 젤 형태의 클렌징제품도  충분히 거품을 내어줍니다!ㅎㅎ"" src=""https://d33ur1yh5ph6b5.cloudfront.net/255d56f1-16a4-4916-aa2a-9e900e1c32a7-mid""/>
</figure>
<div class=""description"">거품이 잘 안나는 젤 형태의 클렌징제품도  충분히 거품을 내어줍니다!ㅎㅎ</div>
</div>
<div class=""resource"">
<figure class=""image"">
<img alt="""" src=""https://d33ur1yh5ph6b5.cloudfront.net/2d80ac02-11cc-4c1e-9959-3ec51b0e93fa-mid""/>
</figure>
<div class=""description""></div>
</div>
<div class=""resource"">
<div class=""text"">저는 두개로 하나는 운동할 때 세안용, 하나는 집에서 사용중입니다😖

깔끔한 클렌징 원하시는 분들, 다른 클렌징도구들이 자극적이셨던 분들께 요 제품 추천드려요💙


<span class=""unpa-tag hash"">#뷰템소</span> <span class=""unpa-tag hash"">#뷰템소미용소품</span> <span class=""unpa-tag hash"">#리틀클라우드</span> <span class=""unpa-tag hash"">#리틀클라우드실리콘타월</span> <span class=""unpa-tag hash"">#클렌징도구</span> <span class=""unpa-tag hash"">#실리콘타월</span></div>
</div>
</div>
</div>",1,8분 전,조회 2,[],[],"[['더툴랩', '101 멀티 태스커'], ['터치인솔', '데이 앤 나이트 글리터 팔레트 [핑크 퍼레이드]'], ['라운드랩', '자작나무 수분 크림'], ['BABE 바베', '미셀라 젤 클렌저'], ['페리페라', '더블 롱웨어 커버 컨실러 [02 내추럴 베이지]']]","['3', '0', '15', '11', '4', '77', '10', '0', '60', '9', '1', '34', '63', '209', '12.2k']","['27분 전', '2020.04.23', '2020.04.16', '2020.04.09', '2020.04.03']","['5.0', '4.0', '5.0', '5.0', '5.0']","['https://d33ur1yh5ph6b5.cloudfront.net/8f5b6f6f-4ad6-4dee-a4d2-daefe9ea5309-thumbnail', 'https://d33ur1yh5ph6b5.cloudfront.net/d609d855-189f-486c-8550-c2180ad9b6e0-thumbnail', 'https://d33ur1yh5ph6b5.cloudfront.net/9b44b53a-b626-4a5b-998e-cd674c9b6119-thumbnail', 'https://d33ur1yh5ph6b5.cloudfront.net/cd20752a-05d8-40d3-a86c-4bb7617ef815-thumbnail', 'https://d33ur1yh5ph6b5.cloudfront.net/429cf4e6-0faa-4d9d-8d36-525a5557149b-thumbnail']",https://d33ur1yh5ph6b5.cloudfront.net/ea7697ff-bf1b-4943-ab09-2da2c82f55b3-thumbnail,wayeun1,복합성,21호,"[' 24', ' 116', ' 1.7k']",https://d33ur1yh5ph6b5.cloudfront.net/c31bce66-8009-4467-86ac-d0f86275f195,입력하신 자기 소개글이 없습니다
https://d33ur1yh5ph6b5.cloudfront.net/8d2f4719-f3ef-4a8f-8618-e020ecf9ffcb-thumbnail,닥터지,레드 블레미쉬 클리어 크림,5.0,"<div class=""content"">
<div class=""resources"">
<div class=""resource"">
<div class=""text"">진짜 완전 좋아용 이 수분크림 바르면 피부가 탱글탱글 해짐니당❤❤트러블에도 좋아서 진짜 짱이에욤👍</div>
</div>
<div class=""resource"">
<figure class=""image"">
<img alt="""" src=""https://d33ur1yh5ph6b5.cloudfront.net/639447fa-d983-46c4-a540-8a4ad98bc1c6-mid""/>
</figure>
<div class=""description""></div>
</div>
<div class=""resource"">
<figure class=""image"">
<img alt="""" src=""https://d33ur1yh5ph6b5.cloudfront.net/bb13e2fc-7e0a-4745-b283-c888c5cfff44-mid""/>
</figure>
<div class=""description""></div>
</div>
<div class=""resource"">
<figure class=""image"">
<img alt="""" src=""https://d33ur1yh5ph6b5.cloudfront.net/1c007ce2-1772-4c24-afb7-afc849e1b7b4-mid""/>
</figure>
<div class=""description""></div>
</div>
<div class=""resource"">
<div class=""text"">진짜 수분감이 장난 아니에융</div>
</div>
</div>
</div>",0,10분 전,조회 3,[],[],[],[],[],[],[],https://d33ur1yh5ph6b5.cloudfront.net/98db4238-3f79-4bcf-b830-8877e1552f94-thumbnail,얄룡,복합성,23호,"[' 0', ' 1', ' 0']",https://d33ur1yh5ph6b5.cloudfront.net/f1a890f1-14ad-42da-8a0a-3f6db15d262d,입력하신 자기 소개글이 없습니다
https://d33ur1yh5ph6b5.cloudfront.net/e9347a28-7c47-11e4-ab79-06530c0000b4-thumbnail,바이오더마,센시비오 H2O,4.5,"<div class=""content"">
<div class=""resources"">
<div class=""resource"">
<figure class=""image"">
<img src=""https://d33ur1yh5ph6b5.cloudfront.net/6e9efef2-3d12-433e-b721-430e6be92212-mid""/>
</figure>
</div>
<div class=""resource"">
<figure class=""image"">
<img alt=""왼쪽부터 마스카라,아이라이너,틴트 입니다"" src=""https://d33ur1yh5ph6b5.cloudfront.net/0bf68c1c-bd92-447d-9441-a5affb1b6fd5-mid""/>
</figure>
<div class=""description"">왼쪽부터 마스카라,아이라이너,틴트 입니다</div>
</div>
<div class=""resource"">
<figure class=""image"">
<img alt=""클렌징워터를 적신 솜으로 5초간 누르고 2번 쓱 지운상태입니다."" src=""https://d33ur1yh5ph6b5.cloudfront.net/8adc89a9-b26c-489d-bdf4-0443fa7b3543-mid""/>
</figure>
<div class=""description"">클렌징워터를 적신 솜으로 5초간 누르고 2번 쓱 지운상태입니다.</div>
</div>
<div class=""resource"">
<figure class=""image"">
<img alt=""화장지우듯 쓱쓱 지운상태예요.얼굴 지우는것처럼 지워서 억지로 힘줘서 지우지 않았어요!"" src=""https://d33ur1yh5ph6b5.cloudfront.net/6ef8fd3a-07dd-42ea-8ad4-aa509954231b-mid""/>
</figure>
<div class=""description"">화장지우듯 쓱쓱 지운상태예요.얼굴 지우는것처럼 지워서 억지로 힘줘서 지우지 않았어요!</div>
</div>
<div class=""resource"">
<div class=""text"">바이오더마 센시비오 H2O제품입니다.
사진속 제품은 양옆에 500ml,가운데 850ml짜리 제품입니다!

세정력도 좋고 순해서 꾸준히 구매하고 쟁여놓고 사용합니다!

세정력테스트
:키스미 히로인메이크 마스카라
:키스미 히로인메이크 아라
:메이블린뉴욕 슈퍼스테이 매트틴트

모두 제가 가지고 있는 제품들중 가장 안지워지는 제품들로 골라보았습니다!

테스트 결과..

역시 키스미 마스카라는 장점이 안지워지는거고 단점도 안지워지는거죠.. 손등테스트때도 가장 안지워졌고, 실제로 속눈썹에 사용하면 완벽히 못지워서 키스미전용 리무버를 사용중입니다.손등에 바르니 그래도 다 지워졌네요!

키스미 아이라이너는 가장 먼저 지워졌습니다.깔끔하게 잘 지워지네요

메이블린틴트.. 요건 제가 아침에 바르고 나가서 점심까지 먹어도 끄떡없는 제품인데 역시 처음부터 지워지고 그렇진 않았어요.결국 다 지워지긴 했지만요! 이것도 손등이라 더 잘지워졌고 평소에 입술에 발랐을때는 입술 주름 사이사이 구석구석 지워주느라 꽤 애먹는 제품입니다!

그래도 요정도면 정말 좋은거 아닌가요?? 아이메이크업을 지우기위해 솜에 적셔서 눈위에 올려도 눈이 시렵거나 하지않아요!

장점
: 세정력이 좋은편이다.
: 자극적이지않다

단점
: 너무 지속력이 좋은 제품들은 완전하게 지우지못한다.</div>
</div>
</div>
</div>",1,11분 전,조회 5,[],[],"[['맥(MAC)', '파우더 키스 립스틱 [스테이큐리어스]'], ['elf', '스머지 브러쉬']]","['7', '0', '15', '8', '1', '42']","['35분 전', '2020.04.26']","['4.5', '5.0']","['https://d33ur1yh5ph6b5.cloudfront.net/abff1b46-cac2-4f8b-b12c-9b77d8a64e09-thumbnail', 'https://d33ur1yh5ph6b5.cloudfront.net/753c3c5b-6285-4b94-b562-53b6c6575ad4-thumbnail']",https://d33ur1yh5ph6b5.cloudfront.net/EC669860-0B12-47B1-B07E-682EDEEE468A-thumbnail,키타룡,복합성,23호,"[' 0', ' 3', ' 17']",https://d33ur1yh5ph6b5.cloudfront.net/d97eef71-ce1d-47fd-b3e1-57f9b9c9f3a9,입력하신 자기 소개글이 없습니다
https://d33ur1yh5ph6b5.cloudfront.net/fae660f7-b754-4e5a-b537-e86c5fcab41c-thumbnail,릴리바이레드,무드 라이어 벨벳 틴트 [03 청초한살구인척],4.0,"<div class=""content"">
<div class=""resources"">
<div class=""resource"">
<div class=""text"">이번 리뷰는 릴리바이레드 무드라이어 벨벳 틴트 3호 청초한 살구인척 입니다😊 올리브영에서 세일할때 저렴하게 구매했어요!</div>
</div>
<div class=""resource"">
<figure class=""image"">
<img src=""https://d33ur1yh5ph6b5.cloudfront.net/1627388e-cc4b-4691-ae4f-88d8e64badab-mid""/>
</figure>
</div>
<div class=""resource"">
<div class=""text"">▶️어플리케이터는 두툼한 사선형이라 입술에 바르기 편했어요!</div>
</div>
<div class=""resource"">
<figure class=""image"">
<img src=""https://d33ur1yh5ph6b5.cloudfront.net/f15d24bd-69d3-44c6-a586-63817fa70494-mid""/>
</figure>
</div>
<div class=""resource"">
<div class=""text"">플래시 off                               플래시 on

▶️ 색감은 톤다운된 베이지핑크에 코랄이 살짝 섞인 느낌이에요!  차분한 느낌이고 코랄이 살짝 들어가서 웜톤분들도 사용하기 좋으실것 같아요. 

▶️벨벳틴트인데 바를때는 정말 촉촉해요! 그래서인지 각질부각도 거의 없었어요!</div>
</div>
<div class=""resource"">
<figure class=""image"">
<img src=""https://d33ur1yh5ph6b5.cloudfront.net/371f61a3-168a-4ff1-b4b0-44c652479c62-mid""/>
</figure>
</div>
<div class=""resource"">
<div class=""text""></div>
</div>
<div class=""resource"">
<figure class=""image"">
<img src=""https://d33ur1yh5ph6b5.cloudfront.net/fbec55cd-928b-402d-8ca7-e7abf451e707-mid""/>
</figure>
</div>
<div class=""resource"">
<div class=""text"">▶️ 발색샷 입니다! 생얼에 바르기도 좋고 아이메이크업에 포인트 줬을 때 발라주면 전체적으로 과하지 않은 느낌을 줘서 좋았어요 😊 그리고 베이스로 발라주기에도 👍


장점 : 저렴한 가격, 세미매트 제형이라 촉촉하게 발리고 매트하게 마무리됨, 향기도 좋아요(쥬시쿨향!), 색감 최고!, 각질부각 별로❌

단점 : 묻어남은 있었어요ㅜ</div>
</div>
</div>
</div>",1,14분 전,조회 19,"[['lmh0104398', '5분 전', '0', '짱이뽀요!']]","background-image: url(""/assets/images_v2/img_profile_l_default.png"");","[['롬앤(rom&nd)', '베러 댄 치크 [05 체리 칩]'], ['롬앤(rom&nd)', '베러 댄 아이즈 [03말린 라그라스]']]","['2', '5', '40', '3', '2', '43']","['1시간 전', '1시간 전']","['5.0', '5.0']","['https://d33ur1yh5ph6b5.cloudfront.net/ecb98290-28ef-4317-9894-b90e12b64ab1-thumbnail', 'https://d33ur1yh5ph6b5.cloudfront.net/10e7dd2e-9185-4182-b551-8d468d4ddb2e-thumbnail']",default,W_O_O,복합성,21호,"[' 0', ' 3', ' 13']",https://d33ur1yh5ph6b5.cloudfront.net/3d1e0313-6f7d-47d0-8fbb-6d0693642b63,입력하신 자기 소개글이 없습니다
https://d33ur1yh5ph6b5.cloudfront.net/a4253e19-a18b-4167-9936-e82f6453358f-thumbnail,릴리바이레드,무드 라이어 벨벳 틴트 [06 치명적인석류인척],5.0,"<div class=""content"">
<div class=""resources"">
<div class=""resource"">
<figure class=""image"">
<img alt=""첫인상 !😍
사각 케이스에 릴리바이레드 로고가 크게 딱 박혀있네용~&gt;&lt;! 너무 너무 깔끔하구 심플하구 이뻤어용❤️🥰"" src=""https://d33ur1yh5ph6b5.cloudfront.net/a1496eb0-ba1e-4f40-81f6-a995788cfa1b-mid""/>
</figure>
<div class=""description"">첫인상 !😍
사각 케이스에 릴리바이레드 로고가 크게 딱 박혀있네용~&gt;&lt;! 너무 너무 깔끔하구 심플하구 이뻤어용❤️🥰</div>
</div>
<div class=""resource"">
<figure class=""image"">
<img alt=""그냥 발랐을때와 펴 발랐을때 사진임니당 !"" src=""https://d33ur1yh5ph6b5.cloudfront.net/2afdd53a-a468-435c-afa5-cec2b0cd4f97-mid""/>
</figure>
<div class=""description"">그냥 발랐을때와 펴 발랐을때 사진임니당 !</div>
</div>
<div class=""resource"">
<figure class=""image"">
<img alt=""바른지 5분도 안된 것 같은데 착색력 ㅠ !
어우 반해버리겠어용 ㅠ❤️"" src=""https://d33ur1yh5ph6b5.cloudfront.net/72c90beb-79a3-47f2-b19c-3658a6e4d65d-mid""/>
</figure>
<div class=""description"">바른지 5분도 안된 것 같은데 착색력 ㅠ !
어우 반해버리겠어용 ㅠ❤️</div>
</div>
<div class=""resource"">
<figure class=""image"">
<img alt=""앞"" src=""https://d33ur1yh5ph6b5.cloudfront.net/a04c2869-4e7b-42e2-a658-30e0383e7149-mid""/>
</figure>
<div class=""description"">앞</div>
</div>
<div class=""resource"">
<figure class=""image"">
<img alt=""뒤"" src=""https://d33ur1yh5ph6b5.cloudfront.net/0baff4c1-ce7e-4fe5-bf57-66349fb6ee44-mid""/>
</figure>
<div class=""description"">뒤</div>
</div>
<div class=""resource"">
<figure class=""image"">
<img alt=""밑부분 임니당 !"" src=""https://d33ur1yh5ph6b5.cloudfront.net/9c36ee97-8b2f-47f2-8e6a-37cd29f6fc2f-mid""/>
</figure>
<div class=""description"">밑부분 임니당 !</div>
</div>
<div class=""resource"">
<div class=""text"">오늘 첨 파워리뷰를 써보아서 부족한게 많겠지만 이해해쥬세용 ㅠ !
릴리바이레드 벨벳틴트 06 치명적인 석류인척 을 리뷰해보려구해용 : ) !
일단 심플한 사각 케이스에 릴리바이레드라구 써져있는게 너무 맘에 드렀어용 ! 😋
06 치명적인 석류인척 은 벨벳틴트 시리즈 중에서 제일 어두운 컬러인데 은근 밝았어용 ! 🙂
색감은 정말 정말 맘에들고 이뻐용❤️🥰😋
매트하게 발리는데 겉과는 다르게 촉촉했어용 ! 
바른지 얼마 되지 않아 지웠는데 착색력이 어마어마 했어용 ! 🤭❤️ 반했지 머에용 히힛😉
학교나 운동할때 바르면 좋은 것 같다는 생각이 들었어용 !
(사진에서 편집으로 가린 것 먼가 이상해서 가렸어용 ㅠ🥺
불편하셨다면 죄송함니댱 ㅠ 양해해쥬세용 : )❤️</div>
</div>
</div>
</div>",7,22분 전,조회 22,"[['lmh0104398', '5분 전', '0', '치명~']]","background-image: url(""/assets/images_v2/img_profile_l_default.png"");",[],[],[],[],[],https://d33ur1yh5ph6b5.cloudfront.net/D799F08E-EED5-4539-B606-8B2F2373CE73-thumbnail,꺄잉꺄링꺄욤,복합성,23호,"[' 3', ' 1', ' 7']",https://d33ur1yh5ph6b5.cloudfront.net/d97eef71-ce1d-47fd-b3e1-57f9b9c9f3a9,입력하신 자기 소개글이 없습니다
default,룸엔,글래스팅 워터틴트,5.0,"<div class=""content"">
<div class=""resources"">
<div class=""resource"">
<figure class=""image"">
<img src=""https://d33ur1yh5ph6b5.cloudfront.net/69defc0f-ddf4-4931-9489-9bf0e53c1dff-mid""/>
</figure>
</div>
<div class=""resource"">
<figure class=""image"">
<img src=""https://d33ur1yh5ph6b5.cloudfront.net/05659450-a228-4960-85bb-512b34ad6506-mid""/>
</figure>
</div>
<div class=""resource"">
<div class=""text"">이거 강력추천이요 
(질문받아용~~ )


촉촉하고 지속력짱짱이용!
제가 입술각질이 심한데 저처럼 틴트바르시면 입술각질 엄청심하신분들 이거 추천이영~~ 
저처럼 중고등학생분들한테 적극추천합니다
.
.
.
제품명: 룸엔 글래스팅 워터틴트 01.코랄미스트
.
.
<span class=""unpa-tag hash"">#룸엔</span> <span class=""unpa-tag hash"">#중딩</span> <span class=""unpa-tag hash"">#추천</span> <span class=""unpa-tag hash"">#지속력</span> <span class=""unpa-tag hash"">#발색</span> <span class=""unpa-tag hash"">#입술각질</span> <span class=""unpa-tag hash"">#각질</span>
.
.</div>
</div>
</div>
</div>",1,23분 전,조회 15,[],[],[],[],[],[],[],default,쇼핑여왕,"
                    미입력
                ","
                    미입력
                ","[' 0', ' 1', ' 1']",https://d33ur1yh5ph6b5.cloudfront.net/d97eef71-ce1d-47fd-b3e1-57f9b9c9f3a9,입력하신 자기 소개글이 없습니다
https://d33ur1yh5ph6b5.cloudfront.net/9259977a-9c07-4f16-b614-5075083b3356-thumbnail,클리오,킬커버 파운웨어 쿠션 XP [4호 진저],4.0,"<div class=""content"">
<div class=""resources"">
<div class=""resource"">
<figure class=""image"">
<img src=""https://d33ur1yh5ph6b5.cloudfront.net/03427031-2bde-4876-8054-ef051c179db1-mid""/>
</figure>
</div>
<div class=""resource"">
<figure class=""image"">
<img src=""https://d33ur1yh5ph6b5.cloudfront.net/9b913aa1-36a6-47c8-a067-58ca86e6af0a-mid""/>
</figure>
</div>
<div class=""resource"">
<figure class=""image"">
<img src=""https://d33ur1yh5ph6b5.cloudfront.net/16d9a94c-602c-418e-bccd-a12fefc2a759-mid""/>
</figure>
</div>
<div class=""resource"">
<figure class=""image"">
<img src=""https://d33ur1yh5ph6b5.cloudfront.net/8d4c8843-b4ea-40c6-ace4-11b6d42c2fe5-mid""/>
</figure>
</div>
<div class=""resource"">
<figure class=""image"">
<img src=""https://d33ur1yh5ph6b5.cloudfront.net/61574a83-4e4d-45e6-96b6-24a597f83e2f-mid""/>
</figure>
</div>
<div class=""resource"">
<div class=""text"">피부톤이 밝지도 않고 어둡지도 않은 분이 사용하시면 딱 좋아요 ! 저도 피부가 약간 밝지도 어둡지도 않은데 잘사용하고있습니다 ! 제 추천받고 사용한친구도 잘사용하고있고 밑에 보시면 제 손에 했을때 핏줄말고는 다 커버가 됐습니다 !! 가격은 학생분들이 사용하시기엔 딱 적당한것가타용 !</div>
</div>
</div>
</div>",1,26분 전,조회 17,[],[],"[['삐아', '라스트 펜 아이라이너 [02호 샤픈 브라운]']]","['2', '1', '14']",['38분 전'],['5.0'],['https://d33ur1yh5ph6b5.cloudfront.net/1d4a800f-7ac6-40e3-bfd1-82c87fb682c7-thumbnail'],https://d33ur1yh5ph6b5.cloudfront.net/44ACC3A9-FD76-4EF0-88AB-5E6FE83B4B7C-thumbnail,07보민,"
                    미입력
                ","
                    미입력
                ","[' 0', ' 2', ' 3']",https://d33ur1yh5ph6b5.cloudfront.net/d97eef71-ce1d-47fd-b3e1-57f9b9c9f3a9,입력하신 자기 소개글이 없습니다
https://d33ur1yh5ph6b5.cloudfront.net/df2db343-8a95-4468-be7f-0a67834d967f-thumbnail,더툴랩,101 멀티 태스커,5.0,"<div class=""content"">
<div class=""resources"">
<div class=""resource"">
<figure class=""image"">
<img alt=""저의 파우치 필수템이자 인생뷰티툴 
더툴랩 멀티태스커 입니다❤"" src=""https://d33ur1yh5ph6b5.cloudfront.net/9a03fb25-a2b0-419b-8e00-86d05393aafb-mid""/>
</figure>
<div class=""description"">저의 파우치 필수템이자 인생뷰티툴 
더툴랩 멀티태스커 입니다❤</div>
</div>
<div class=""resource"">
<figure class=""image"">
<img alt=""파우치에 휴대하는 버전은 더툴랩 멀티태스커 쪼꼬미 버전인  더툴랩 베이비태스커 입니다 ❤

크기 비교해보시면 좋을것같아서 다른 화장품들과 함께 놓아보았습니다!ㅎㅎ"" src=""https://d33ur1yh5ph6b5.cloudfront.net/bed52261-a404-4302-b2ec-e8416bd4cfd9-mid""/>
</figure>
<div class=""description"">파우치에 휴대하는 버전은 더툴랩 멀티태스커 쪼꼬미 버전인  더툴랩 베이비태스커 입니다 ❤

크기 비교해보시면 좋을것같아서 다른 화장품들과 함께 놓아보았습니다!ㅎㅎ</div>
</div>
<div class=""resource"">
<figure class=""image"">
<img alt=""#더툴랩 101B 는 
틴트 정도 크기의 쪼끄마한 크기의 일명 #쓱싹이 의 베이비 버전! 휴대하기 좋은 크기에요ㅎㅎ
저는 휴대용으로도 가지고 다니기 위해서 베이비버전사용중인데 크기별로 나누어져있어서 다양한 선택의 폭이 가능해요❤
베이비 버전은 쪼그맣기 때문에 코옆부분같이 세밀한 부분을 메이크업 해줄때도 섬세한 터치가 가능해서 좋아요👍
모공에 넣어주듯이 톡톡 터치해주면 모공이 쓱싹하고 가려지구 밀착력도 좋아져서 저같은 🧸곰손이 써두 예쁜 피부표현을 만들어주는 #인생템 입니다♡
멀티테스커라 크림치크 제형도 뭉치거나 들뜸없이 예쁘게 표현해주어서 치크와 베이스에 둘다 사용가능해요!
⠀

"" src=""https://d33ur1yh5ph6b5.cloudfront.net/1e33f67c-4dab-417a-be59-3ce92aa495a0-mid""/>
</figure>
<div class=""description""><span class=""unpa-tag hash"">#더툴랩</span> 101B 는 
틴트 정도 크기의 쪼끄마한 크기의 일명 <span class=""unpa-tag hash"">#쓱싹이</span> 의 베이비 버전! 휴대하기 좋은 크기에요ㅎㅎ
저는 휴대용으로도 가지고 다니기 위해서 베이비버전사용중인데 크기별로 나누어져있어서 다양한 선택의 폭이 가능해요❤
베이비 버전은 쪼그맣기 때문에 코옆부분같이 세밀한 부분을 메이크업 해줄때도 섬세한 터치가 가능해서 좋아요👍
모공에 넣어주듯이 톡톡 터치해주면 모공이 쓱싹하고 가려지구 밀착력도 좋아져서 저같은 🧸곰손이 써두 예쁜 피부표현을 만들어주는 <span class=""unpa-tag hash"">#인생템</span> 입니다♡
멀티테스커라 크림치크 제형도 뭉치거나 들뜸없이 예쁘게 표현해주어서 치크와 베이스에 둘다 사용가능해요!
⠀</div>
</div>
<div class=""resource"">
<figure class=""image"">
<img alt=""먼저 붉은기+트러블 모공이 많은 제 피부입니다!
파데 + 멀티테스커로 커버해주기 전 모습이에요ㅎㅎ"" src=""https://d33ur1yh5ph6b5.cloudfront.net/89bc33fb-9950-42d7-a6fc-2babd8d35b67-mid""/>
</figure>
<div class=""description"">먼저 붉은기+트러블 모공이 많은 제 피부입니다!
파데 + 멀티테스커로 커버해주기 전 모습이에요ㅎㅎ</div>
</div>
<div class=""resource"">
<figure class=""image"">
<img alt=""멀티테스커로 커버해준 모습입니다!
(파운데이션은 잇츠스킨 라이프컬러 파데 사용해주었습니다)

모공이랑 붉은기가 확실히 잡히고 피부결도 훨씬 나아보이는 모습이에요 :)

확실히 멀티테스커를 사용할때랑 안할때랑 모공이랑 트러블커버가 차이나서 저의 베이스메이크업 인생템입니다❤"" src=""https://d33ur1yh5ph6b5.cloudfront.net/16bb1c35-b797-459c-a2ff-9017f751f157-mid""/>
</figure>
<div class=""description"">멀티테스커로 커버해준 모습입니다!
(파운데이션은 잇츠스킨 라이프컬러 파데 사용해주었습니다)

모공이랑 붉은기가 확실히 잡히고 피부결도 훨씬 나아보이는 모습이에요 :)

확실히 멀티테스커를 사용할때랑 안할때랑 모공이랑 트러블커버가 차이나서 저의 베이스메이크업 인생템입니다❤</div>
</div>
<div class=""resource"">
<figure class=""image"">
<img alt="""" src=""https://d33ur1yh5ph6b5.cloudfront.net/4182d941-0149-4866-bcd7-4a30d7a42939-mid""/>
</figure>
<div class=""description""></div>
</div>
<div class=""resource"">
<div class=""text"">한눈에 비고해도 꽤 차이가 많이나죠?!ㅎㅎ
모공,트러브러버가 고민이신분들께 더툴랩의 멀티테스커 추천드립니다❤


<span class=""unpa-tag hash"">#뷰템소</span></div>
</div>
</div>
</div>",3,28분 전,조회 15,[],[],"[['터치인솔', '데이 앤 나이트 글리터 팔레트 [핑크 퍼레이드]'], ['라운드랩', '자작나무 수분 크림'], ['BABE 바베', '미셀라 젤 클렌저'], ['페리페라', '더블 롱웨어 커버 컨실러 [02 내추럴 베이지]'], ['네이밍', '대즐링 아이글리터 [BGG01 NOT-BEIGE]']]","['11', '4', '77', '10', '0', '60', '9', '1', '34', '63', '209', '12.2k', '9', '0', '17']","['2020.04.23', '2020.04.16', '2020.04.09', '2020.04.03', '2020.03.27']","['4.0', '5.0', '5.0', '5.0', '5.0']","['https://d33ur1yh5ph6b5.cloudfront.net/d609d855-189f-486c-8550-c2180ad9b6e0-thumbnail', 'https://d33ur1yh5ph6b5.cloudfront.net/9b44b53a-b626-4a5b-998e-cd674c9b6119-thumbnail', 'https://d33ur1yh5ph6b5.cloudfront.net/cd20752a-05d8-40d3-a86c-4bb7617ef815-thumbnail', 'https://d33ur1yh5ph6b5.cloudfront.net/429cf4e6-0faa-4d9d-8d36-525a5557149b-thumbnail', 'https://d33ur1yh5ph6b5.cloudfront.net/20aff11b-4acb-4481-bc7e-60fc174fcfab-thumbnail']",https://d33ur1yh5ph6b5.cloudfront.net/ea7697ff-bf1b-4943-ab09-2da2c82f55b3-thumbnail,wayeun1,복합성,21호,"[' 24', ' 116', ' 1.7k']",https://d33ur1yh5ph6b5.cloudfront.net/c31bce66-8009-4467-86ac-d0f86275f195,입력하신 자기 소개글이 없습니다
https://d33ur1yh5ph6b5.cloudfront.net/f4c6385d-557c-4807-adc0-62c123102a77-thumbnail,루나(LUNA),롱래스팅 팁 컨실러 (02호 내추럴 베이지),4.5,"<div class=""content"">
<div class=""resources"">
<div class=""resource"">
<div class=""text"">안녕하세요! 첫 리뷰라 조금 긴장돼고 떨렸어요ㅠ
일단 시작해볼까용?~~</div>
</div>
<div class=""resource"">
<figure class=""image"">
<img alt="""" src=""https://d33ur1yh5ph6b5.cloudfront.net/18ff2bd8-2d16-4ab6-a2e6-191b7ae8d3d2-mid""/>
</figure>
<div class=""description""></div>
</div>
<div class=""resource"">
<div class=""text"">🐰용기 _ 용기는 진짜 고급져보이고 제 갠적 취향으로는
넘 이뻤어유 ㅠㅠ

그리고 전 좁쌀여드름이 이마에 굉장히 많은데욤,, 볼에도
조금씩 나고 있더라구용 일단 커버력을 보도록 하시죵!!</div>
</div>
<div class=""resource"">
<figure class=""image"">
<img alt="""" src=""https://d33ur1yh5ph6b5.cloudfront.net/657a3cfa-c477-483f-a5c0-8ffa6663540d-mid""/>
</figure>
<div class=""description""></div>
</div>
<div class=""resource"">
<figure class=""image"">
<img alt="""" src=""https://d33ur1yh5ph6b5.cloudfront.net/2f130e11-c7db-4a52-b21d-f8fc841184ee-mid""/>
</figure>
<div class=""description""></div>
</div>
<div class=""resource"">
<div class=""text"">🐰커버력 _ 전 / 후 사진이에용! 제가 기초 , 베이스 , 프라이머
등 을 안해서 모공도 쬐끔씩 보이고 그런점은 너그러운 마음으로 이해해주세여 ...❤ 

다크서클도 보시쥬~~!</div>
</div>
<div class=""resource"">
<figure class=""image"">
<img alt="""" src=""https://d33ur1yh5ph6b5.cloudfront.net/2b96c22d-45d6-4761-a9e3-dafdc03072c6-mid""/>
</figure>
<div class=""description""></div>
</div>
<div class=""resource"">
<figure class=""image"">
<img alt="""" src=""https://d33ur1yh5ph6b5.cloudfront.net/d78c682f-e5b9-4983-8ffb-cdbb1e051e54-mid""/>
</figure>
<div class=""description""></div>
</div>
<div class=""resource"">
<div class=""text"">조금 그렇긴해두 커버는 잘돼쮸?? ㅎㅎ

🐰지속력_ 음.. 전 요 제품을 바르고 7시 정도 지났을때
유분 올라왔을때도 꽤 괜찮았어용


🐰발림성 _ 부드럽게 발리는데 조금 매트뽀송(?)해서
악건성이신 분은 기초를 탄탄하게 하셔야할것 같아


🐰색 _ 내추럴이라기엔 저한텐 조금 밝았던거 같아여 (23호)


🐰가격 _ 7.5g 14000 원 이에영 전 괜찮다고 생각함돠!


🐰성분 _ 화해이서 보고 말씀 드려용 20가지 주의성분중에
5가지 성분이 있는데 높은 위험도 2가지가 있더라구요 ㅠㅠ

1. 향료_아무래도 향이 위험도가 높긴한가봐용 ..ㅠ

2.부틸파라벤_무슨 성분인지는 모르겠지만 높은 위험도라니까 조심하세용!

글고 화해에서 1위도 했다죠? ㅎㅎ


🐰장단점 

장점_ 커버력 , 지속력 ㅎㅎ 진짜 너무 조아여 😍
단점_ 매트하기도 하고 각질부각이 살짝 있어서
각질제거 하고 발라야할것 같아욤 글고 성분,,!</div>
</div>
<div class=""resource"">
<figure class=""image"">
<img alt="""" src=""https://d33ur1yh5ph6b5.cloudfront.net/507fa38b-74a1-4e4b-b4e2-782e3add5062-mid""/>
</figure>
<div class=""description""></div>
</div>
<div class=""resource"">
<figure class=""image"">
<img alt="""" src=""https://d33ur1yh5ph6b5.cloudfront.net/5d82147d-79a8-4c0a-8b9f-3239c4a4662d-mid""/>
</figure>
<div class=""description""></div>
</div>
<div class=""resource"">
<div class=""text"">증거사진(?)이에용
틴트랑 립스틱은 덜어낼려고 하다가 덧발라서 저렇게 됐지만
아이라인은 한 번 발랐어욤
 
그럼 여기까지 봐주셔서 감사해욤🥰</div>
</div>
</div>
</div>",2,28분 전,조회 11,"[['T2M1', '24분 전', '1', '디자인도 예쁜데 커버력도 정말 좋아보이네요! 성분이 아쉽긴 하지만 리뷰 잘보고 갑니다😊'], ['룰라랄하', '24분 전', '1', '@T2M1 감사해욤😭']]","background-image: url(""/assets/images_v2/img_profile_l_default.png"");",[],[],[],[],[],default,룰라랄하,복합성,23호,"[' 1', ' 1', ' 2']",https://d33ur1yh5ph6b5.cloudfront.net/f1a890f1-14ad-42da-8a0a-3f6db15d262d,입력하신 자기 소개글이 없습니다
https://d33ur1yh5ph6b5.cloudfront.net/c4c2ee0f-f345-4398-b710-c524297082d4-thumbnail,자이엘,S.O.S 레드 칙 케어팩,4.0,"<div class=""content"">
<div class=""resources"">
<div class=""resource"">
<div class=""text"">안녕하세욤!!
오늘은 <span class=""unpa-tag hash"">#언파박스</span> 통해서 받아보게된 <span class=""unpa-tag hash"">#자이엘</span> <span class=""unpa-tag hash"">#SOS레드칙케어팩</span>  를 가져왔어요!
시작할께요
.
.
.
<span class=""unpa-tag hash"">#언파이벤트</span> <span class=""unpa-tag hash"">#자이엘SOS레드칙케어팩</span> <span class=""unpa-tag hash"">#자이엘에스오에스레드칙케어팩</span> <span class=""unpa-tag hash"">#팩</span> <span class=""unpa-tag hash"">#개굴개구리노래를한다</span></div>
</div>
<div class=""resource"">
<figure class=""image"">
<img alt=""겉상자예요!"" src=""https://d33ur1yh5ph6b5.cloudfront.net/14f505f4-9a05-4e79-8682-4bfe459bcfc2-mid""/>
</figure>
<div class=""description"">겉상자예요!</div>
</div>
<div class=""resource"">
<figure class=""image"">
<img alt=""S.O.S 레드칙 케어팩의 본품이예요!!"" src=""https://d33ur1yh5ph6b5.cloudfront.net/e71f86ed-1209-45d9-ab28-5f087bc26727-mid""/>
</figure>
<div class=""description"">S.O.S 레드칙 케어팩의 본품이예요!!</div>
</div>
<div class=""resource"">
<figure class=""image"">
<img alt=""뒷면입니당!!"" src=""https://d33ur1yh5ph6b5.cloudfront.net/bab48c8e-cf87-423f-a9a4-ca0a04ccfcd9-mid""/>
</figure>
<div class=""description"">뒷면입니당!!</div>
</div>
<div class=""resource"">
<figure class=""image"">
<img alt=""동그란 모양이고 엄청 얇고 밀착력이 좋아요!!"" src=""https://d33ur1yh5ph6b5.cloudfront.net/665ab805-4572-4db8-8a59-dced5e256fe1-mid""/>
</figure>
<div class=""description"">동그란 모양이고 엄청 얇고 밀착력이 좋아요!!</div>
</div>
<div class=""resource"">
<figure class=""image"">
<img alt=""요런 느낌의 팩이예요!"" src=""https://d33ur1yh5ph6b5.cloudfront.net/33a52d2b-2400-4d6e-a3d4-959875765041-mid""/>
</figure>
<div class=""description"">요런 느낌의 팩이예요!</div>
</div>
<div class=""resource"">
<figure class=""image"">
<img alt=""볼때기에 붙였을때는 이런 느낌이구요!"" src=""https://d33ur1yh5ph6b5.cloudfront.net/2d066580-e41f-4b56-b7d5-04b5be001b43-mid""/>
</figure>
<div class=""description"">볼때기에 붙였을때는 이런 느낌이구요!</div>
</div>
<div class=""resource"">
<figure class=""image"">
<img alt=""때주었을때예요!요건 촉촉함이 잘보여서 다행이네요❣"" src=""https://d33ur1yh5ph6b5.cloudfront.net/8af9f165-8086-494f-868e-9ab225c28097-mid""/>
</figure>
<div class=""description"">때주었을때예요!요건 촉촉함이 잘보여서 다행이네요❣</div>
</div>
<div class=""resource"">
<div class=""text"">[GOOD POINT]

•일단 이게 엄청 얇아서 밀착력이 엄청나요👍다른 팩하곤 비교도 안돼는,,그정도의 밀!착!력!이예요❣들뜨는 부분이 거의없어서 되게 놀랬어요!!!

•4월언파박스가 퀵뷰티템 모음 이였던만큼 아침에 스킨케어 닦토 팩 대신으로 한번에 끝내주기에 좋아요!!팩 한장을 쓰기에 살짝 너무 무겁다??라는 기분이 들때 볼때기에 붙여주기에 좋아요❣

•팩을 붙여주고나서 떼면 피부가 되게 쫀쫀하고 쿨링감있게 되는데 이게 딱 피부에 화장 잘먹는 피부 컨디션인데 그래서 요거 해주고나면 피부화장 하나는 되게 잘먹더라구요❣

•이게 팩같은 느낌이 강한데 패드느낌으로 피부에 얹어주고 10분?정도후에 피부 살짝 닦아줘도 괜찮을것같았어서 활용도도 좋았어용❣

 •아 맞다!!!!요게 되게 촉촉함도 느껴졌었고 에센스양도 많아서 두볼에 얹고도 이마나 턱도 발라줄만한 양이였어요!!

 •2장씩 개별포장이 되어있어서 위생상 너무 좋고 휴대해서 수정할때도 좋았어요!!딱 한번에 2개씩 사용할수있어서 그부분도 좋았어요!!


[BAD POINT]

•가격이 좀,,,너무 했지않나 싶은데 5개입에 1만원이래요ㅎㅎㅋㅋㅋㅋ 뭐 다른 효과나 비싼 성분이 들어갔을수도 있겠다고 생각을해도,,,패드한장만한 팩이 2장들어있는데 2천원이라면,,저는 무조건 일반팩쓸것 같아요 제돈주고 살일이 없을것 같은,,?</div>
</div>
</div>
<div class=""ad_warning"">
<span class=""title"">이 리뷰는 언니의 파우치를 통해 해당 브랜드에서<br/>제품 또는 서비스를 제공 받아 작성된 글입니다.</span>
</div>
</div>",7,31분 전,조회 20,"[['greentry05', '27분 전', '0', '흐어... 울 개굴님이다..\n저 오늘 개굴님 보고 싶었는데 ㅋㅋㅋㅋ 언파박스 리뷰로 오셨군요 ㅎㅎ 쨌든, 저도 이 팩은 부분 팩치곤 넘 비싸다고 생각해여 ㅠㅠ'], ['개굴개구리노래를한다', '21분 전', '0', '@greentry05 으에ㅜㅜ오늘 언파 못와서 미안해요ㅜㅜ보고싶었다니,,감동이잖어요❤❤사실 요즘 빠진 프로그램이 있어서 그거 보느라ㅋ큐큑ㅠ내일은 꼭 울 그린님 보러 올게요!!!그건그렇고,,그죠ㅜㅜ넘 비싸요ㅜ 오늘도 봐주시고 저 찾아?주셔서 너무너무 감사할뿐입니다❤'], ['jaaehee', '7분 전', '0', '부분팩이군요!!!!!! 요즘 부분팩도 너무 써보고 싶은거 있죠!팩붙이고나면 쿨링감과 쫀쫀해진다니 궁금해지는군요!!!!! 유저님 오랜만인것 같은데 리뷰 잘보고가요!🥰']]","background-image: url(""https://d33ur1yh5ph6b5.cloudfront.net/9DFCF56E-F834-41A6-8387-0A1F1693F8A0-thumbnail"");","[['언파 코스메틱', '차차 핸드크리너'], ['라네즈', '크림 스킨 미스트'], ['언파 코스메틱', '차차 츄어블 고체치약'], ['팜스킨', '슈퍼푸드 믹스 잇 클레이 마스크 [아보카도]'], ['해피바스', '스킨유 스킨에멀젼 샤워젤']]","['8', '0', '19', '32', '6', '41', '32', '4', '44', '39', '12', '100', '41', '6', '191']","['2020.04.25', '2020.04.24', '2020.04.22', '2020.04.12', '2020.04.07']","['4.0', '4.5', '5.0', '3.5', '4.5']","['https://d33ur1yh5ph6b5.cloudfront.net/c17f88a6-cf9e-482e-b353-c35f1e0541d1-thumbnail', 'https://d33ur1yh5ph6b5.cloudfront.net/84671cc9-07f8-4889-b0be-8ec933ea228f-thumbnail', 'https://d33ur1yh5ph6b5.cloudfront.net/ddc857b4-e31d-4d15-a143-ce1d6e229322-thumbnail', 'https://d33ur1yh5ph6b5.cloudfront.net/be98534a-ba33-4a60-9dda-d00e86b4b2ec-thumbnail', 'https://d33ur1yh5ph6b5.cloudfront.net/7a8c2f07-3645-4e30-b193-20446c250f5a-thumbnail']",https://d33ur1yh5ph6b5.cloudfront.net/ce3eba66-4cc5-4fba-a054-b1bf9f00e02a-thumbnail,개굴개구리노래를한다,복합성,21호,"[' 33', ' 156', ' 4.5k']",https://d33ur1yh5ph6b5.cloudfront.net/c31bce66-8009-4467-86ac-d0f86275f195,가을뮤트추정/ 22호/민감복합성
https://d33ur1yh5ph6b5.cloudfront.net/d1395dcc-8844-423e-bf0d-ed282f7d3ff0-thumbnail,맥(MAC),파우더 키스 립스틱 [스테이큐리어스],4.5,"<div class=""content"">
<div class=""resources"">
<div class=""resource"">
<figure class=""image"">
<img alt=""완전 새제품은 아니고 몇주 썼던거라 모양이 예쁘지 않네요ㅠ"" src=""https://d33ur1yh5ph6b5.cloudfront.net/abff1b46-cac2-4f8b-b12c-9b77d8a64e09-mid""/>
</figure>
<div class=""description"">완전 새제품은 아니고 몇주 썼던거라 모양이 예쁘지 않네요ㅠ</div>
</div>
<div class=""resource"">
<figure class=""image"">
<img src=""https://d33ur1yh5ph6b5.cloudfront.net/915c53c2-a30f-478a-9d66-6090f031570f-mid""/>
</figure>
</div>
<div class=""resource"">
<figure class=""image"">
<img src=""https://d33ur1yh5ph6b5.cloudfront.net/fdb494aa-59ec-4e60-9061-dda50c25daf5-mid""/>
</figure>
</div>
<div class=""resource"">
<div class=""text"">맥 파우더키스 스테이큐리어스 제품입니다.백화점 매장에서 구매했어요!

사진에는 더 레드빛으로 나왔는데 실제론 저기서 핑크끼가 더 도는색이예요.아무리 필터를 씌워봐도 저게 최선이네요..

장점

1.발색
:맥은 발색하나는 참 끝내주는거 같아요.그라데이션까지 예쁘게 가능합니다

2.텍스쳐
:제품명에 파우더라는 말이 들어가는 이유를 알거같은 텍스쳐입니다. 파우더바른것바냥 보송보송하고 바를때도 슥슥 잘 발려요.

단점

1.각질부각
:큰 각질은 부각이 됩니다.립스틱에다가 파우더같이 보송한 제형이니 어쩔수는 없지만요..!

2.향
맥 특유의 향을 개인적으로 좋아하지않습니다.. 달달구리한 초코?같은 향 말이죠..</div>
</div>
</div>
</div>",7,36분 전,조회 15,[],[],"[['바이오더마', '센시비오 H2O'], ['elf', '스머지 브러쉬']]","['1', '0', '6', '8', '1', '42']","['12분 전', '2020.04.26']","['4.5', '5.0']","['https://d33ur1yh5ph6b5.cloudfront.net/8813e4b0-3573-45f3-9de7-8ff9e426433c-thumbnail', 'https://d33ur1yh5ph6b5.cloudfront.net/753c3c5b-6285-4b94-b562-53b6c6575ad4-thumbnail']",https://d33ur1yh5ph6b5.cloudfront.net/EC669860-0B12-47B1-B07E-682EDEEE468A-thumbnail,키타룡,복합성,23호,"[' 0', ' 3', ' 17']",https://d33ur1yh5ph6b5.cloudfront.net/d97eef71-ce1d-47fd-b3e1-57f9b9c9f3a9,입력하신 자기 소개글이 없습니다
https://d33ur1yh5ph6b5.cloudfront.net/681a9ae7-4055-4555-b5e2-decbd2382160-thumbnail,랑방(LANVIN),모던 프린세스  EDP,2.5,"<div class=""content"">
<div class=""resources"">
<div class=""resource"">
<figure class=""image"">
<img alt=""✏️ 진짜 솔직한 후기 ✏️ 가식 아예 없음
*실제로 써 보고 느낀 개인 적인 취향&amp;느낌입니다
참고해주세요"" src=""https://d33ur1yh5ph6b5.cloudfront.net/03df7364-f5f7-4d85-bb78-5a73b8d724d3-mid""/>
</figure>
<div class=""description"">✏️ 진짜 솔직한 후기 ✏️ 가식 아예 없음
*실제로 써 보고 느낀 개인 적인 취향&amp;느낌입니다
참고해주세요</div>
</div>
<div class=""resource"">
<figure class=""image"">
<img alt=""상자에서부터 나는 향 상자에서 나는 향은 괜찮았어요 
뚜껑을 열었을 때도 괜찮았습니다
뿌렸을 때 분사력은 진짜 최고예요
멀리 분사 잘 됩니다 
향을 정확히 비유하자면
이 랑방 모던 프린세스가 10대 향수라고 들 하시는데
진짜 아닌 거 같아요..
솔직하게 고급스러운 척 하는 학생 느낌 이게 딱 적당한 표현 같아요 혹은 엄청 고급스러운 분이 샤넬만 쓰다가 가끔 씻고나와서 뿌릴 것 같은 느낌 고급스러우신 분이시면 추천입니다 아주 강력하게요"" src=""https://d33ur1yh5ph6b5.cloudfront.net/dc9b4ddd-2dc8-49c0-a1ba-6e5f9121d034-mid""/>
</figure>
<div class=""description"">상자에서부터 나는 향 상자에서 나는 향은 괜찮았어요 
뚜껑을 열었을 때도 괜찮았습니다
뿌렸을 때 분사력은 진짜 최고예요
멀리 분사 잘 됩니다 
향을 정확히 비유하자면
이 랑방 모던 프린세스가 10대 향수라고 들 하시는데
진짜 아닌 거 같아요..
솔직하게 고급스러운 척 하는 학생 느낌 이게 딱 적당한 표현 같아요 혹은 엄청 고급스러운 분이 샤넬만 쓰다가 가끔 씻고나와서 뿌릴 것 같은 느낌 고급스러우신 분이시면 추천입니다 아주 강력하게요</div>
</div>
<div class=""resource"">
<figure class=""image"">
<img alt=""크기는 이 정도 입니다 보통 틴트 크기 정도 해요
가지고 다니기엔 좀 무겁습니다"" src=""https://d33ur1yh5ph6b5.cloudfront.net/226467e9-f758-42dd-93ef-cacdc2af1498-mid""/>
</figure>
<div class=""description"">크기는 이 정도 입니다 보통 틴트 크기 정도 해요
가지고 다니기엔 좀 무겁습니다</div>
</div>
<div class=""resource"">
<div class=""text"">오해 하실까 봐 사진 스타일 ** 로고는 제가 스타일 ** 후기도 작성해서 그대로 저장했더니 로고가 들어갔습니다
오해의 소지가 있을 수 있으니 닉네임 적어주겠습니다
광고 아닙니다
닉네임 : 귱링애요

<span class=""unpa-tag hash"">#향수</span> <span class=""unpa-tag hash"">#10대향수추천</span> <span class=""unpa-tag hash"">#분사력</span> <span class=""unpa-tag hash"">#솔직후기</span> <span class=""unpa-tag hash"">#가식없음</span> <span class=""unpa-tag hash"">#사이다</span> <span class=""unpa-tag hash"">#랑방</span> <span class=""unpa-tag hash"">#모던</span> <span class=""unpa-tag hash"">#프린세스</span> <span class=""unpa-tag hash"">#고급</span></div>
</div>
</div>
</div>",4,37분 전,조회 25,[],[],"[['삐아', '라스트 립스틱4 [17호 사교적]']]","['2', '7', '55']",['1시간 전'],['5.0'],['https://d33ur1yh5ph6b5.cloudfront.net/4d65c354-0fa5-4951-b1ce-f0fe04025443-thumbnail'],https://d33ur1yh5ph6b5.cloudfront.net/BE4E18EC-079F-4E9F-AE4A-7BDE6338CD60-thumbnail,귱링앵용,복합성,13호,"[' 0', ' 3', ' 9']",https://d33ur1yh5ph6b5.cloudfront.net/d97eef71-ce1d-47fd-b3e1-57f9b9c9f3a9,진짜 솔직하게 가식 없이 후기 씁니다
https://d33ur1yh5ph6b5.cloudfront.net/507b211d-e76d-470b-bc9d-6fafacb599f7-thumbnail,삐아,라스트 펜 아이라이너 [02호 샤픈 브라운],5.0,"<div class=""content"">
<div class=""resources"">
<div class=""resource"">
<div class=""text"">가격이 저렴해서 학생분들도 사용하실수있어요 !! 그려지는것도 부드럽게 잘 그려집니다 ! 14살인데 제 친구들 거의다 삐아아이라이너 쓰고 있어요 ! 전 3개째 사용중 .. ㅎ</div>
</div>
<div class=""resource"">
<figure class=""image"">
<img src=""https://d33ur1yh5ph6b5.cloudfront.net/72f5fa64-54e2-4e4c-b789-96185a667615-mid""/>
</figure>
</div>
<div class=""resource"">
<figure class=""image"">
<img src=""https://d33ur1yh5ph6b5.cloudfront.net/a18f97d1-b977-4a51-9860-0e0d1b23b5d1-mid""/>
</figure>
</div>
<div class=""resource"">
<figure class=""image"">
<img src=""https://d33ur1yh5ph6b5.cloudfront.net/a479c325-7baf-4899-81e2-3afef9dfd734-mid""/>
</figure>
</div>
</div>
</div>",2,39분 전,조회 14,"[['푸석푸석', '35분 전', '0', '유저님 보충설명이 필요해요 이건 파워리뷰가 아니에요']]","background-image: url(""https://d33ur1yh5ph6b5.cloudfront.net/638DB42A-57B3-4163-BEE2-246A43367429-thumbnail"");","[['클리오', '킬커버 파운웨어 쿠션 XP [4호 진저]']]","['1', '0', '17']",['26분 전'],['4.0'],['https://d33ur1yh5ph6b5.cloudfront.net/fbe676b0-4569-46b7-8c73-f2149f5ed665-thumbnail'],https://d33ur1yh5ph6b5.cloudfront.net/44ACC3A9-FD76-4EF0-88AB-5E6FE83B4B7C-thumbnail,07보민,"
                    미입력
                ","
                    미입력
                ","[' 0', ' 2', ' 3']",https://d33ur1yh5ph6b5.cloudfront.net/d97eef71-ce1d-47fd-b3e1-57f9b9c9f3a9,입력하신 자기 소개글이 없습니다
https://d33ur1yh5ph6b5.cloudfront.net/16571556-7977-4925-b7cd-94f02d0ff0c1-thumbnail,이글립스,포어 블라인드 파우더,4.0,"<div class=""content"">
<div class=""resources"">
<div class=""resource"">
<div class=""text""></div>
</div>
<div class=""resource"">
<figure class=""image"">
<img src=""https://d33ur1yh5ph6b5.cloudfront.net/f0909120-be4a-4c82-81cb-1e422eafa094-mid""/>
</figure>
</div>
<div class=""resource"">
<div class=""text""></div>
</div>
<div class=""resource"">
<figure class=""image"">
<img src=""https://d33ur1yh5ph6b5.cloudfront.net/ca61609b-b8bf-4866-b4f4-c1e695977d00-mid""/>
</figure>
</div>
<div class=""resource"">
<div class=""text"">화장 다 끝내고 바르기 너무 좋아요 !! 너무 많이 바르면 부자연스러워서 저는 살짝씩만 바르고 있는데 가격도 싸고 들고다니기도 편해서 진짜 추천해요ㅜㅠ 제 기억으로는 21호랑 23호 두개가 있었는데 저는 21호를 쓰고있어요! 피부가 너무 까만게 아니면 21호가 잘 맞을거라고 매장 직원분이 그러더라구요,,그래서 21호 샀는데 너무 잘맞아요! 매장가서 테스트 해보고 자기한테 맞는 색 사시면 될 것 같습니다☺️</div>
</div>
</div>
</div>",1,47분 전,조회 35,"[['필쌍', '44분 전', '0', '살짝 뜨지 않나요? 흰색 써봤는데 너무 뜨길래 검정은 다를까 싶어서요ㅜㅜ'], ['jeongseo1213', '42분 전', '0', '@필쌍 많이 바르면 뜨더라구요ㅠㅠ 근데 파우더브러쉬 같은걸로 바르면 안떠요!!'], ['ㅈㅕㄴ', '26분 전', '0', '유저님 이건 미니리뷰만큼 짧은것같아요 길게 설명해주셨음 해요!!']]","background-image: url(""https://d33ur1yh5ph6b5.cloudfront.net/0bb80f6b-6102-46cb-9588-2621dc35a14b-thumbnail"");",[],[],[],[],[],default,jeongseo1213,"
                    미입력
                ","
                    미입력
                ","[' 0', ' 5', ' 4']",https://d33ur1yh5ph6b5.cloudfront.net/8ce84915-6f06-4c08-97b2-07d6fb11096e,입력하신 자기 소개글이 없습니다
https://d33ur1yh5ph6b5.cloudfront.net/3e9782d0-f80c-403c-ae2d-92f064a4f799-thumbnail,더샘,어반 에코 와라타 크림,4.5,"<div class=""content"">
<div class=""resources"">
<div class=""resource"">
<figure class=""image"">
<img src=""https://d33ur1yh5ph6b5.cloudfront.net/5046468d-80a2-43e5-bd6f-c6f8b7ffbb26-mid""/>
</figure>
</div>
<div class=""resource"">
<figure class=""image"">
<img src=""https://d33ur1yh5ph6b5.cloudfront.net/75475c5a-9849-4816-8caf-91b49ecd542a-mid""/>
</figure>
</div>
<div class=""resource"">
<div class=""text"">제가 건성인데도 불구하고 가장 오래 버틴 크림이에요 제형은 크리미한 제형이라서 발림성도 빡뻑하지 않고 부드럽게 잘발려요 특히나 건성이시고 피부가 예민하신분한테 강추 드려요 처음에 발르면 답답한감이 좀 잇는데 바르고 문질문질 하다보면 돼게 시원해요</div>
</div>
</div>
</div>",2,55분 전,조회 28,"[['푸석푸석', '43분 전', '0', '유저님 보충설명이 필요해요 이건 파워리뷰가 아니에요']]","background-image: url(""https://d33ur1yh5ph6b5.cloudfront.net/638DB42A-57B3-4163-BEE2-246A43367429-thumbnail"");",[],[],[],[],[],default,ppigy9870,"
                    미입력
                ","
                    미입력
                ","[' 0', ' 1', ' 2']",https://d33ur1yh5ph6b5.cloudfront.net/d97eef71-ce1d-47fd-b3e1-57f9b9c9f3a9,입력하신 자기 소개글이 없습니다
https://d33ur1yh5ph6b5.cloudfront.net/b0e77976-d9b8-4fce-b546-fe8987e50c83-thumbnail,에뛰드하우스,순정 약산성 5.5 진정 토너,3.5,"<div class=""content"">
<div class=""resources"">
<div class=""resource"">
<figure class=""image"">
<img alt="""" src=""https://d33ur1yh5ph6b5.cloudfront.net/20be883a-fe2c-42a5-a594-01fcdaf3775a-mid""/>
</figure>
<div class=""description""></div>
</div>
<div class=""resource"">
<div class=""text"">정말 촉촉해요!음...뭐라고할까...완전히 물같은제형이구 순해요!전 순한거라고 광고하는것도 안맞은적이있었는데 여기로 갈아타니까!촉촉하고좋았어요!</div>
</div>
<div class=""resource"">
<figure class=""image"">
<img alt="""" src=""https://d33ur1yh5ph6b5.cloudfront.net/52f1cb94-9185-4563-8c44-d7e5d5257621-mid""/>
</figure>
<div class=""description""></div>
</div>
<div class=""resource"">
<div class=""text"">보이실런지모르겠지만 그냥 물 그자체예요!</div>
</div>
<div class=""resource"">
<figure class=""image"">
<img alt=""마개로 덮혀있어서 위생적이예요!"" src=""https://d33ur1yh5ph6b5.cloudfront.net/d6558c06-9f17-4bed-80fa-04805bbad27c-mid""/>
</figure>
<div class=""description"">마개로 덮혀있어서 위생적이예요!</div>
</div>
<div class=""resource"">
<figure class=""image"">
<img alt="""" src=""https://d33ur1yh5ph6b5.cloudfront.net/07f21b7e-a3c9-4e78-a6ca-49ceae3362cc-mid""/>
</figure>
<div class=""description""></div>
</div>
<div class=""resource"">
<div class=""text"">전80ml로 사용하고있는데,다음에 살땐 더 큰거살려고요!</div>
</div>
<div class=""resource"">
<figure class=""image"">
<img alt="""" src=""https://d33ur1yh5ph6b5.cloudfront.net/4d8b9c23-48eb-46a3-8e62-3fd7e1be7bd6-mid""/>
</figure>
<div class=""description""></div>
</div>
<div class=""resource"">
<div class=""text"">앗...흔들렸다!사실 이건증정용이긴한데,수분베리어크림 사니까 받은거예요!



장점:촉촉하다

단점:대부분이 다 그렇지만 마를때 땡김이있어요

후기:촉촉하긴하다만 제피부엔 조금 땡겼어요!그거 아시구 구매하셨으면 좋겠어요!</div>
</div>
</div>
</div>",3,56분 전,조회 19,[],[],[],[],[],[],[],default,워메반가워유,복합성,21호,"[' 0', ' 1', ' 3']",https://d33ur1yh5ph6b5.cloudfront.net/f1a890f1-14ad-42da-8a0a-3f6db15d262d,입력하신 자기 소개글이 없습니다
https://d33ur1yh5ph6b5.cloudfront.net/c1b4c301-bdf2-4439-81f5-94c8ab909b64-thumbnail,미샤,팝타스틱 젤리 틴트 [살사레드],5.0,"<div class=""content"">
<div class=""resources"">
<div class=""resource"">
<div class=""text"">안녕하세요😊
문콩콩 입니다ㅏ 제가 오늘 리뷰 를 할거에요!!
바로바로 미샤 팝스틱 젤리 틴트 에요!!
 그럼 사진 보여드릴게요 후훗</div>
</div>
<div class=""resource"">
<figure class=""image"">
<img alt="""" src=""https://d33ur1yh5ph6b5.cloudfront.net/1f57bcfa-6c68-4b27-a5e5-4f06df202de0-mid""/>
</figure>
<div class=""description""></div>
</div>
<div class=""resource"">
<div class=""text"">이뿌져 저는 디자인이 맘에 들어요 ㅠㅠ 홀로그램 스티커?같은게 디자인에 대표라구 생각합니당 ㅠㅠ 손등에 발를게요</div>
</div>
<div class=""resource"">
<figure class=""image"">
<img alt="""" src=""https://d33ur1yh5ph6b5.cloudfront.net/61ceba46-f725-43fd-a1cb-67e81b6e95cd-mid""/>
</figure>
<div class=""description""></div>
</div>
<div class=""resource"">
<div class=""text"">자 토마토 가 썩은..? 색 이에요 ㅋㅋㅎㅎ
문질를 게요</div>
</div>
<div class=""resource"">
<figure class=""image"">
<img alt="""" src=""https://d33ur1yh5ph6b5.cloudfront.net/b63d5568-f677-4149-9dea-b14351507e98-mid""/>
</figure>
<div class=""description""></div>
</div>
<div class=""resource"">
<div class=""text"">안보이죠 이게 바루 매직 🎩 진짜 지우지도 않구 잘지워지는거 보셧쥬  다시 발라서 지울게요!</div>
</div>
<div class=""resource"">
<figure class=""image"">
<img alt="""" src=""https://d33ur1yh5ph6b5.cloudfront.net/d2f7aa72-dff7-4599-ae7b-7845f84de212-mid""/>
</figure>
<div class=""description""></div>
</div>
<div class=""resource"">
<figure class=""image"">
<img alt="""" src=""https://d33ur1yh5ph6b5.cloudfront.net/70a40dce-fa83-4b77-804c-2adc29b85084-mid""/>
</figure>
<div class=""description""></div>
</div>
<div class=""resource"">
<div class=""text"">호호 제 피부 톤 입니다 ㅋㅎㅎ지웟는데용 잘지워져요!!</div>
</div>
<div class=""resource"">
<figure class=""image"">
<img alt="""" src=""https://d33ur1yh5ph6b5.cloudfront.net/27e2f191-cca9-41e7-8409-39b50bac0800-mid""/>
</figure>
<div class=""description""></div>
</div>
<div class=""resource"">
<div class=""text"">ㄱㄱ ㅅ ㅏ ㅅ ㅔ ㅇ       ㄱ  ㅏ   ㅊ
  ㅗ                         ㅛ           ㅇ    ㅜ
  ㄱ</div>
</div>
</div>
</div>",3,57분 전,조회 20,"[['kwonhy9433', '33분 전', '0', '이뻐요'], ['필쌍', '44분 전', '0', '저거 예전에 립스틱 인기 진짜 많았는데 단종되버린 게 너무 아쉽네요^^;']]","background-image: url(""/assets/images_v2/img_profile_l_default.png"");",[],[],[],[],[],https://d33ur1yh5ph6b5.cloudfront.net/240f56c4-f0f2-4d35-89b1-634edb2c71c9-thumbnail,문콩콩,민감성,23호,"[' 0', ' 2', ' 4']",https://d33ur1yh5ph6b5.cloudfront.net/d97eef71-ce1d-47fd-b3e1-57f9b9c9f3a9,화장관심 잇는 12녀자
https://d33ur1yh5ph6b5.cloudfront.net/42d2d8d3-49db-436a-a5af-12619b453e7a-thumbnail,롬앤(rom&nd),빨강머리 앤 에디션 제로벨벳틴트 [05 위티],4.0,"<div class=""content"">
<div class=""resources"">
<div class=""resource"">
<div class=""text"">ʕ •́؈•̀ ₎재구매 의사 100%</div>
</div>
<div class=""resource"">
<figure class=""image"">
<img src=""https://d33ur1yh5ph6b5.cloudfront.net/51a303b1-8dd7-415c-82cc-ec1f4fabaf7a-mid""/>
</figure>
</div>
<div class=""resource"">
<div class=""text"">평소에 롬앤을 되게 좋아해고 
빨간머리 앤이라는 책을 읽고 
빨간머리 앤에 빠져있던 도중 샀는데
에디션이 너무 귀엽길래 바로 바로 구매 !!</div>
</div>
<div class=""resource"">
<figure class=""image"">
<img src=""https://d33ur1yh5ph6b5.cloudfront.net/31c9dee7-3385-4d0f-b026-5024e7c26692-mid""/>
</figure>
</div>
<div class=""resource"">
<div class=""text"">상자 마저 너무 귀엽더라구요 
롬앤 에디션이 색별로 빨간머리 앤
포즈가 각각 다르더라구요
그래서 다 사고 싶었어요(;´༎ຶٹ༎ຶ`)</div>
</div>
<div class=""resource"">
<figure class=""image"">
<img src=""https://d33ur1yh5ph6b5.cloudfront.net/e7e1355e-5c63-437d-bb78-29f82d37eaca-mid""/>
</figure>
</div>
<div class=""resource"">
<div class=""text"">이미지 색이랑 거의 비슷해요!!
색은 살짝 벽돌색에 빨강 좀 많이 넣은 색이예요
좀 진할줄 알았는데 생각보다 빨강빨강 하드라구요
풀립으로 하면 조금 어색하라구요
그래서 그라데이션으로 넣으면서 쓰는데
되게 예뻐요♡´･ᴗ･`♡



𝐺𝑂𝑂𝐷
• 색이 되게 이쁘게 빠졌어요
• 진짜 틴트가 너무 예뻐요
• 그라이데이션 하면 진짜 예뻐요


𝐵𝐴𝐷
• 벨벳이다 보니 입술각질이 잘 보여요
• 풀립으로 하면 조금 어색해요
• 양 조절을 잘못하면 너무 진하게 되요</div>
</div>
</div>
</div>",3,58분 전,조회 40,"[['sjh7208', '54분 전', '1', '발색 미쳤다\n색 완전 대박인듯 저두 빨강머리 앤 좋아하는데 제가 가지고 싶었던 립이네요 대박👍🏻'], ['keyomy__814', '52분 전', '1', '@sjh7208 진짜 색 예뻐서 돈 탕진하고 색별로 사도 후회 안할거 같아요ㅠㅠㅜ'], ['토마린', '6분 전', '1', '우왕 이거 사고 싶었던 에디션이었는데, 지금은 안 팔지 않나용 ? 리뷰 잘 보고 가욤~(♥'], ['keyomy__814', '5분 전', '0', '@토마린 아 지금은 안파나용?판매 여부는 잘 모르겠네용ㅜㅜㅜ 그래도 잘 봐주셔서 감사한비당 (●’◡’●)ﾉ']]","background-image: url(""/assets/images_v2/img_profile_l_default.png"");",[],[],[],[],[],default,keyomy__814,민감성,21호,"[' 0', ' 1', ' 3']",https://d33ur1yh5ph6b5.cloudfront.net/d97eef71-ce1d-47fd-b3e1-57f9b9c9f3a9,입력하신 자기 소개글이 없습니다
https://d33ur1yh5ph6b5.cloudfront.net/c27fc79d-507f-4bc3-b7ca-c5ca772f2bae-thumbnail,어퓨,과즙팡 틴트 [BE01 무심결에 무화과],4.5,"<div class=""content"">
<div class=""resources"">
<div class=""resource"">
<div class=""text"">안녕하세요~! 어퓨 과즙팡 틴트 리뷰를 가지고와봤어요! 제가 구매한 색상은 무심결에 무화과 색상입니다☺️
먼저 틴트 케이스는 요래 생겼구요! 깔끔한 디자인이라 좋은 것 같아요 ㅎㅎ</div>
</div>
<div class=""resource"">
<figure class=""image"">
<img src=""https://d33ur1yh5ph6b5.cloudfront.net/3e2081f3-df3d-4e26-94e5-187ae1079aaa-mid""/>
</figure>
</div>
<div class=""resource"">
<figure class=""image"">
<img src=""https://d33ur1yh5ph6b5.cloudfront.net/c2620784-c40c-45f8-909b-e3a1f4006fbb-mid""/>
</figure>
</div>
<div class=""resource"">
<div class=""text"">어플리케이터는 입술에 바르기 쉽도록 사선으로 되어있어요!</div>
</div>
<div class=""resource"">
<figure class=""image"">
<img src=""https://d33ur1yh5ph6b5.cloudfront.net/dc899134-896b-4257-8049-1fd807d965fa-mid""/>
</figure>
</div>
<div class=""resource"">
<div class=""text"">틴트 바르기 전 입술입니다</div>
</div>
<div class=""resource"">
<figure class=""image"">
<img src=""https://d33ur1yh5ph6b5.cloudfront.net/891c99a0-679f-4532-94b7-f30655f613ff-mid""/>
</figure>
</div>
<div class=""resource"">
<div class=""text"">바르고나서 입술이에요 입술이 자연스레 이뻐졌죠? 끈적이지않고 촉촉해서 좋더라구요 향은 복숭아 냄새가 나요!</div>
</div>
<div class=""resource"">
<figure class=""image"">
<img src=""https://d33ur1yh5ph6b5.cloudfront.net/36242469-170a-4de4-8990-e28c11e29ad5-mid""/>
</figure>
</div>
<div class=""resource"">
<div class=""text"">손등 발색한 모습이에요 실제론 더 핑크해요!</div>
</div>
<div class=""resource"">
<figure class=""image"">
<img src=""https://d33ur1yh5ph6b5.cloudfront.net/ea1e00bc-f966-4579-a332-be95ea5dcf4c-mid""/>
</figure>
</div>
<div class=""resource"">
<div class=""text"">5분후 (오른쪽) 지우지 않은 곳 (왼쪽) 지운 곳
확실히 색상이 연해서 착색이 진하진 않아요!

어퓨 과즙팡 틴트 “무심결에 무화과” 색상을 리뷰 해 보았는데요! 제 리뷰가 도움되셨음 좋겠습니다 좋은 하루 보내세요😚</div>
</div>
</div>
<div class=""ad_warning"">
<span class=""title"">이 리뷰는 언니의 파우치를 통해 해당 브랜드에서<br/>제품 또는 서비스를 제공 받아 작성된 글입니다.</span>
</div>
</div>",3,1시간 전,조회 25,[],[],[],[],[],[],[],https://d33ur1yh5ph6b5.cloudfront.net/F861640D-5D81-4AF7-89F0-2B26A4784D16-thumbnail,뽀잉오잉,복합성,21호,"[' 1', ' 1', ' 3']",https://d33ur1yh5ph6b5.cloudfront.net/c0f55f1e-d0d9-4765-bdae-139d4bef2c20,입력하신 자기 소개글이 없습니다
https://d33ur1yh5ph6b5.cloudfront.net/ba98c532-0814-49d2-b045-efc162f5dcf2-thumbnail,이니스프리,그린티 씨드 세럼,5.0,"<div class=""content"">
<div class=""resources"">
<div class=""resource"">
<div class=""text"">안녕하세요 나언파할래예요 !
오늘은 <span class=""unpa-tag hash"">#언파이벤트</span> 로  제공받은 이니스프리 그린티 씨드 세럼을 리뷰하려고용 ㅎㅎ
요즘에 피부가 푸석푸석한데 수분공급도 부담스럽지 않게되고 향도 자극적이지 않아서 너무 좋았어요!!
피부에 흡수도 너무 잘 되요 &gt;&lt;
역시 이니스프리 그린티라인은 너무 좋아요 ♡</div>
</div>
<div class=""resource"">
<figure class=""image"">
<img src=""https://d33ur1yh5ph6b5.cloudfront.net/b4471085-71fa-4067-9803-d3483307ee21-mid""/>
</figure>
</div>
<div class=""resource"">
<div class=""text"">이니스프리는 이런 자연친환경적인 느낌의 디자인.. 분위기가 너무 좋아요 ㅎㅎ</div>
</div>
<div class=""resource"">
<figure class=""image"">
<img src=""https://d33ur1yh5ph6b5.cloudfront.net/ab06adf1-fdd6-4fa1-be8c-1920187963af-mid""/>
</figure>
</div>
<div class=""resource"">
<div class=""text"">상세설명입니다 !</div>
</div>
<div class=""resource"">
<figure class=""image"">
<img src=""https://d33ur1yh5ph6b5.cloudfront.net/527bce4a-1a13-4016-a3fe-215358fbed3c-mid""/>
</figure>
</div>
<div class=""resource"">
<div class=""text"">한 손에 쏙 잡히는 귀여운 크기예요 !</div>
</div>
<div class=""resource"">
<figure class=""image"">
<img src=""https://d33ur1yh5ph6b5.cloudfront.net/249cfaf9-303d-45d5-a5a0-0a9c58cf0015-mid""/>
</figure>
</div>
<div class=""resource"">
<div class=""text"">개봉 후 12개월 안으로 사용가능해요 ~</div>
</div>
<div class=""resource"">
<figure class=""image"">
<img src=""https://d33ur1yh5ph6b5.cloudfront.net/6553d864-095d-4cdc-b4bd-110f7a579703-mid""/>
</figure>
</div>
<div class=""resource"">
<div class=""text"">이렇게 뚜껑보호 마개가 있어서 너무 좋아요 최고입니다 디테일 !!</div>
</div>
<div class=""resource"">
<figure class=""image"">
<img src=""https://d33ur1yh5ph6b5.cloudfront.net/bb4bb5ce-40a5-4cd7-ba2c-435864d30b72-mid""/>
</figure>
</div>
<div class=""resource"">
<div class=""text"">이렇게 묽은 제형이예요.
생각보다 더 묽어서 금방 흘러내렸어요 .
흡수도 금방되고 향도 부담없이 좋아요 !</div>
</div>
<div class=""resource"">
<figure class=""image"">
<img src=""https://d33ur1yh5ph6b5.cloudfront.net/bd50ba44-24ba-468d-a4f6-69bd6af17d8a-mid""/>
</figure>
</div>
<div class=""resource"">
<div class=""text"">흡수도 빠르게 되면서 산뜻한 마무리 !!
데일리 세럼으로 딱 입니당 ~</div>
</div>
</div>
<div class=""ad_warning"">
<span class=""title"">이 리뷰는 언니의 파우치를 통해 해당 브랜드에서<br/>제품 또는 서비스를 제공 받아 작성된 글입니다.</span>
</div>
</div>",3,1시간 전,조회 19,[],[],"[['쿠모(KUMO)', '핑거팁 브러쉬'], ['닥터지', '레드 블레미쉬 클리어 크림'], ['닥터지', '메디 UV 울트라 선'], ['미샤', '순하다 카렌듈라 pH5.5 수딩 토너'], ['퓨어베스', '노웨이팅 드라이 샴푸 [하늘]']]","['7', '4', '30', '12', '0', '46', '12', '2', '89', '10', '2', '27', '36', '10', '1.9k']","['2020.04.25', '2020.04.24', '2020.03.30', '2020.03.30', '2020.03.29']","['5.0', '5.0', '5.0', '5.0', '5.0']","['https://d33ur1yh5ph6b5.cloudfront.net/101bdd14-886e-450b-a776-8d83650afda9-thumbnail', 'https://d33ur1yh5ph6b5.cloudfront.net/32c4a45e-dfe4-4764-90ba-f2d2fd0f3e78-thumbnail', 'https://d33ur1yh5ph6b5.cloudfront.net/c2bd914e-4dfa-44c4-b9bb-f2465c8e0b60-thumbnail', 'https://d33ur1yh5ph6b5.cloudfront.net/02cacb22-bef3-4ee7-b7a8-cb46e3629af5-thumbnail', 'https://d33ur1yh5ph6b5.cloudfront.net/70d8642c-258c-492a-a84a-a5871a918884-thumbnail']",default,나언파할래,복합성,21호,"[' 53', ' 300', ' 3.0k']",https://d33ur1yh5ph6b5.cloudfront.net/ead569aa-ea86-40a0-a762-e6888d4eb45c,좋아요 댓글 팔로우 감사드려요❤️
https://d33ur1yh5ph6b5.cloudfront.net/c41007c7-4f6f-4c12-aa02-38e7266416d8-thumbnail,롬앤(rom&nd),쥬시래스팅 틴트 [13 잇도토리],4.5,"<div class=""content"">
<div class=""resources"">
<div class=""resource"">
<div class=""text"">가을웜톤이 쓰기좋은 립 추천🌸</div>
</div>
<div class=""resource"">
<figure class=""image"">
<img src=""https://d33ur1yh5ph6b5.cloudfront.net/97367e0b-035e-4df5-899a-5f647e71bb5c-mid""/>
</figure>
</div>
<div class=""resource"">
<div class=""text"">롬앤 쥬시래스팅 틴트  5.5g <span class=""unpa-tag hash"">#13</span> 잇도토리
가격:13000원
    
가을웜톤이 찰떡 어울리는 립😍
 롬앤 쥬시래스팅 틴트는 총13가지 색상이있어요.
그중에서 작년나온 가을열매시리즈가 추가되어 
누드피넛/핑크펌킨/체리밤/잇도토리가 추가되었어요.
그중 가을웜톤에게 사랑받고있는 색상 잇도토리😀</div>
</div>
<div class=""resource"">
<figure class=""image"">
<img src=""https://d33ur1yh5ph6b5.cloudfront.net/c4bade15-8e1e-4a53-bd4c-410208882830-mid""/>
</figure>
</div>
<div class=""resource"">
<div class=""text"">잇도토리는🐿 가을의 빛깔을 담은 벽돌색 도토리묵 컬러
라고 해요.
웜톤1픽 컬러로도 유명하죠!</div>
</div>
<div class=""resource"">
<figure class=""image"">
<img src=""https://d33ur1yh5ph6b5.cloudfront.net/06ea6397-c1ba-4c70-9804-efcff0bd5451-mid""/>
</figure>
</div>
<div class=""resource"">
<div class=""text"">어플리케이터는 필요한 만큼 나와 바르기 편하게 이렇게 
생겼어요.

      
         이제 색상을 보여드릴께요</div>
</div>
<div class=""resource"">
<figure class=""image"">
<img src=""https://d33ur1yh5ph6b5.cloudfront.net/7d502097-a14f-44cf-8a47-69531d1b2e69-mid""/>
</figure>
</div>
<div class=""resource"">
<div class=""text"">컬러는 벽돌색의 브라운+오렌지 끼가 함유되어 있는 컬러에요. 틴트이다 보니 묽은 제형이고 처음 발색할때에는 살짝의 끈적한 느낌이 나지만 시간이 지나면 픽싱되는 느낌이 들면서 탕후루광이 나요
막 부담스러운 광이 아니라 딱 이쁘다!라고 생각할수있는 광
이에요💜</div>
</div>
<div class=""resource"">
<figure class=""image"">
<img src=""https://d33ur1yh5ph6b5.cloudfront.net/7823d068-fb4d-4eb5-91dd-63ba9a441484-mid""/>
</figure>
</div>
<div class=""resource"">
<div class=""text"">이 틴트는 정말 좋지만 매트한재형이아닌 살짝묽은 제형이다
보니까 묻어남이 조금있다는거..하지만 바로 덧바르면 괜찮아용😅


  총평:가을웜톤분들이 사용하시면 찰떡인것 같아 사시길추천드리지만 살짝의 묻어남이 있다.

저는 개인적으로 좋았습니다!!</div>
</div>
</div>
</div>",4,1시간 전,조회 29,"[['스파게리', '1시간 전', '0', '휴ㅠㅠ 저 가을웜톤인데 진짜 꼭 써봐야겠어요 😭\n잘 보고 가용!!!'], ['wereth0924', '1시간 전', '0', '@스파게리 아 감사합니당!!']]","background-image: url(""/assets/images_v2/img_profile_l_default.png"");",[],[],[],[],[],default,wereth0924,건성,21호,"[' 1', ' 1', ' 4']",https://d33ur1yh5ph6b5.cloudfront.net/c0f55f1e-d0d9-4765-bdae-139d4bef2c20,입력하신 자기 소개글이 없습니다
https://d33ur1yh5ph6b5.cloudfront.net/d6293818-83d8-48af-8f33-6a5f53a0d0e0-thumbnail,삐아,라스트 립스틱4  [17호 사교적],5.0,"<div class=""content"">
<div class=""resources"">
<div class=""resource"">
<div class=""text"">가을 웜은 집중 !!!!!</div>
</div>
<div class=""resource"">
<figure class=""image"">
<img alt=""무보정 사진 입니다 (아이폰 11 일반 카메라) 💄 

위에 것이 사교적입니다
약간 맥 마라케쉬 느낌 나요 
마라케쉬 비유가 가장 적절한 것 같아요 
발림성 굿굿
얼굴을 밝혀주는 느낌입니다
서정적이랑 같이 발라주면 아주 잘 어울려요 !!!!"" src=""https://d33ur1yh5ph6b5.cloudfront.net/947d6745-dd1c-44af-ad93-2859aa7e2d09-mid""/>
</figure>
<div class=""description"">무보정 사진 입니다 (아이폰 11 일반 카메라) 💄 

위에 것이 사교적입니다
약간 맥 마라케쉬 느낌 나요 
마라케쉬 비유가 가장 적절한 것 같아요 
발림성 굿굿
얼굴을 밝혀주는 느낌입니다
서정적이랑 같이 발라주면 아주 잘 어울려요 !!!!</div>
</div>
<div class=""resource"">
<figure class=""image"">
<img src=""https://d33ur1yh5ph6b5.cloudfront.net/6e7b9102-5bbe-4ca5-b714-43a1616bdd60-mid""/>
</figure>
</div>
<div class=""resource"">
<div class=""text"">바르는 순간 분위기 여신 
그냥 분위기 다 내 거 
지속력은 립스틱이라 그런 지 많이 떨어지네요 ㅠ
그리고 굉장히 가벼워서 들고 다니면서 가볍게 톡톡 발라주면 그냥 끝 끝 분위기 끝났지 ~
각질 부각 좀 있어요

간단 정리 노트 📒 

장점: 가을 웜 착붙 그냥 웜톤도 잘 어울릴 것 같음 분위기 여신

단점: 지속력이 떨어짐 각질 부각 있음 
바르기 전에 바세린 바르고 발라주면 됩니다

<span class=""unpa-tag hash"">#삐아</span><span class=""unpa-tag hash"">#사교적</span><span class=""unpa-tag hash"">#17호</span><span class=""unpa-tag hash"">#솔직후기</span><span class=""unpa-tag hash"">#가식없음</span><span class=""unpa-tag hash"">#가을웜</span><span class=""unpa-tag hash"">#웜톤</span><span class=""unpa-tag hash"">#웜쿨</span></div>
</div>
</div>
</div>",2,1시간 전,조회 55,"[['푸석푸석', '1시간 전', '0', '유저님 보충설명이 필요해요 이건 파워리뷰가 아닙니다'], ['귱링앵용', '1시간 전', '1', '@푸석푸석 처음이라 많이 부족하네요 피드백 감사합니다'], ['푸석푸석', '1시간 전', '0', '@귱링앵용 넵!'], ['joylee021920', '1시간 전', '0', '색이 정말 이뻐용'], ['귱링앵용', '59분 전', '0', '@joylee021920 무보정이라 실물이랑 같습니다 !!'], ['jaaehee', '1시간 전', '0', '유저님!이런리뷰는 미니리뷰에 올려주세요!'], ['귱링앵용', '1시간 전', '0', '@jaaehee 네 처음이라 서투네요 ㅠ 피드백 감사합니다']]","background-image: url(""https://d33ur1yh5ph6b5.cloudfront.net/BE4E18EC-079F-4E9F-AE4A-7BDE6338CD60-thumbnail"");","[['랑방(LANVIN)', '모던 프린세스 EDP']]","['4', '0', '25']",['39분 전'],['2.5'],['https://d33ur1yh5ph6b5.cloudfront.net/d0a69f6b-3104-4aef-b6b3-8bb8c3365006-thumbnail'],https://d33ur1yh5ph6b5.cloudfront.net/BE4E18EC-079F-4E9F-AE4A-7BDE6338CD60-thumbnail,귱링앵용,복합성,13호,"[' 0', ' 3', ' 9']",https://d33ur1yh5ph6b5.cloudfront.net/d97eef71-ce1d-47fd-b3e1-57f9b9c9f3a9,진짜 솔직하게 가식 없이 후기 씁니다
